1,2,3,4,5,2,3,2,1,1
2,1,4,0,0,5,1,5,3,0
3,3,0,0,4,3,4,3,2,5
4,5,0,3,2,1,5,2,0,1
5,3,2,0,5,0,2,4,1,2
6,5,2,1,3,3,4,4,0,0
7,4,1,4,0,1,0,5,2,1
8,0,1,0,5,2,4,5,1,5
9,4,3,e,3,0,0,1,1,1
10,2,5,2,4,5,4,3,5,2
11,3,3,3,2,4,2,2,5,3
12,1,4,1,4,3,3,0,3,4
13,0,0,4,0,4,0,1,5,5
14,1,3,5,4,2,5,4,1,4
15,5,1,5,0,5,3,0,4,0
16,3,2,3,1,0,1,3,2,2
17,2,2,2,5,1,5,2,2,2
18,4,5,0,3,2,4,1,4,1
19,0,2,0,1,0,0,5,2,5
20,4,1,4,3,3,4,5,3,1
21,5,2,1,0,1,5,4,2,0
22,3,1,2,0,4,5,2,4,2
23,1,3,4,4,2,5,1,4,0
24,2,0,3,1,5,3,3,5,3
25,4,4,1,1,3,3,4,3,5
26,0,0,5,2,0,2,0,1,5
27,4,0,5,2,1,2,0,5,1
28,2,0,3,4,4,1,2,5,2
29,4,0,5,2,1,2,0,5,1
30,3,3,3,0,5,5,2,1,3
31,0,0,5,2,0,2,0,1,5
32,0,4,1,5,2,4,4,3,1
33,5,3,4,3,3,1,1,4,4
34,3,5,5,4,2,3,2,4,4
35,0,2,4,5,0,0,1,2,5
36,1,1,3,4,3,5,0,3,2
37,0,0,5,2,1,2,0,1,5
38,3,1,3,5,5,0,4,3,0
39,2,0,2,3,4,1,1,4,4
40,3,1,3,0,4,4,4,3,1
41,1,4,1,1,2,2,5,5,3
42,1,3,2,0,5,5,4,1,0
43,5,3,5,1,3,5,3,4,0
44,4,0,4,2,0,4,0,5,2
45,0,2,0,3,1,0,2,2,5
46,0,5,3,5,0,1,5,0,5
47,2,4,0,0,3,3,3,0,4
48,4,0,1,1,4,3,4,5,4
49,5,3,2,4,2,2,2,5,2
50,5,0,5,1,0,5,3,5,0
51,1,2,3,2,1,2,1,1,5
52,2,4,5,5,2,3,2,2,2
53,3,2,5,2,1,1,1,2,1
54,0,3,4,4,3,0,2,0,3
55,3,1,5,5,0,0,0,5,5
56,0,4,0,3,5,1,1,4,3
57,4,5,4,3,4,1,1,0,4
58,4,0,3,3,3,0,0,4,2
59,0,4,0,3,5,1,1,4,3
60,2,5,2,2,2,4,2,3,5
61,4,5,4,3,4,1,1,0,4
62,3,2,5,2,1,1,1,2,1
63,3,1,5,5,0,0,0,5,5
64,0,5,3,5,0,1,5,0,5
65,4,1,4,5,4,0,4,3,0
66,5,1,1,2,1,2,3,2,1
67,1,3,0,4,5,4,3,1,0
68,2,2,2,3,2,5,5,4,2
69,5,5,0,0,0,5,5,1,3
70,3,0,2,0,3,4,4,3,0
71,4,4,5,5,4,1,2,2,2
72,4,0,3,5,2,3,1,4,1
73,3,0,0,3,5,1,0,4,2
74,2,4,5,3,3,0,0,5,3
75,1,2,3,1,0,5,0,3,1
76,5,2,4,0,1,1,5,2,4
77,5,0,5,4,2,5,3,2,1
78,5,3,3,5,0,1,1,0,0
79,1,3,0,4,3,0,4,1,4
80,1,3,3,2,1,2,4,5,0
81,0,5,2,4,4,4,2,1,5
82,3,4,5,2,2,0,1,5,5
83,2,3,4,2,5,0,2,1,3
84,5,0,5,4,2,5,3,2,1
85,5,3,3,5,0,1,1,0,0
86,1,3,0,4,3,0,4,1,4
87,1,3,3,2,1,2,4,5,0
88,0,5,2,4,4,4,2,1,5
89,2,3,4,2,5,0,2,1,3
90,2,3,4,2,5,0,2,1,3
91,4,5,1,1,0,3,4,1,2
92,3,1,2,0,5,2,5,2,3
93,3,1,2,0,5,2,5,2,3
94,1,3,3,4,3,0,4,5,0
95,1,4,5,0,2,3,0,5,3
96,2,4,4,2,5,3,3,3,1
97,2,4,4,2,5,3,3,3,1
98,1,4,5,0,3,4,0,4,1
99,1,4,5,0,3,4,0,4,1
100,1,2,2,5,4,5,0,5,3
101,2,5,1,0,5,4,5,5,3
102,5,0,0,0,2,5,4,3,4
103,2,3,0,0,2,5,1,0,0
104,3,2,0,1,5,2,1,3,4
105,4,3,4,4,3,4,2,1,5
106,5,5,3,1,4,0,5,2,5
107,4,4,0,4,0,5,2,2,1
108,3,0,2,3,1,5,1,1,3
109,4,4,5,0,0,4,1,5,2
110,5,5,3,1,5,2,2,1,5
111,4,1,0,5,1,4,4,0,5
112,0,0,1,0,4,1,0,2,3
113,1,2,2,3,3,2,3,5,2
114,1,0,4,5,0,4,2,4,5
115,1,3,3,3,2,3,0,4,4
116,0,4,5,1,1,0,4,5,4
117,2,3,3,3,3,3,4,0,1
118,4,5,4,4,0,5,2,4,1
119,4,2,0,2,2,3,5,4,0
120,5,4,2,0,1,1,3,5,1
121,1,1,3,1,5,5,0,0,0
122,5,2,3,1,4,2,2,0,5
123,2,3,4,3,2,5,3,1,1
124,2,1,5,5,5,1,1,3,0
125,3,3,1,4,3,2,5,2,3
126,0,0,0,0,4,2,2,2,3
127,0,4,5,5,0,4,2,4,5
128,4,0,4,0,1,5,1,1,4
129,2,1,5,0,4,2,3,1,1
130,3,3,1,3,2,5,1,3,0
131,0,0,0,5,5,1,5,2,3
132,2,3,4,4,3,2,2,2,3
133,5,4,5,4,0,4,0,5,2
134,4,0,4,0,1,5,1,1,4
135,0,0,0,0,4,2,5,2,3
136,2,3,4,3,2,5,2,2,3
137,2,1,5,1,1,5,3,1,1
138,5,4,2,2,0,5,5,4,0
139,1,0,4,1,1,0,4,5,4
140,1,0,4,1,1,0,4,5,4
141,1,4,3,3,3,3,0,2,1
142,5,1,1,1,5,1,2,5,3
143,2,0,3,1,2,5,4,2,4
144,4,1,5,2,5,0,4,1,0
145,1,2,0,0,1,1,3,4,1
146,1,0,5,1,4,3,5,2,5
147,5,1,2,1,1,4,4,0,4
148,1,3,1,1,3,4,4,5,3
149,1,0,5,5,0,3,3,4,1
150,2,3,0,5,2,0,5,0,2
151,5,1,2,1,2,4,2,3,5
152,1,5,1,5,0,3,4,0,4
153,0,5,0,3,5,2,0,2,3
154,5,1,2,4,4,3,1,2,3
155,1,4,3,0,3,3,2,1,5
156,0,3,0,5,0,0,3,2,5
157,2,4,5,5,2,2,1,3,1
158,4,0,3,2,3,1,0,1,2
159,3,1,4,4,5,0,1,5,4
160,3,5,0,2,0,2,5,0,3
161,3,5,0,3,0,2,5,3,0
162,5,4,5,4,5,0,1,3,2
163,3,0,2,4,1,2,0,5,4
164,3,1,1,0,3,3,4,2,1
165,4,1,4,1,4,5,3,0,1
166,0,5,2,1,2,4,2,2,5
167,2,5,1,1,1,3,0,1,1
168,3,4,5,1,3,3,3,5,3
169,2,0,4,5,2,1,5,3,4
170,0,1,5,2,2,1,5,5,4
171,2,0,4,4,0,5,1,3,0
172,3,4,5,1,5,0,3,5,3
173,2,1,4,2,1,3,0,5,4
174,4,1,5,3,2,4,2,0,2
175,2,5,1,0,5,4,2,5,5
176,4,1,3,4,3,5,5,2,0
177,5,4,3,1,2,0,4,3,3
178,0,5,2,5,5,5,3,4,1
179,5,0,2,5,3,1,1,0,0
180,5,3,4,2,1,1,0,2,3
181,3,3,2,4,0,5,5,3,1
182,1,2,2,0,5,0,4,5,3
183,5,3,4,2,1,1,0,1,2
184,3,3,5,4,4,0,0,2,2
185,1,4,4,0,2,1,0,4,1
186,2,5,1,3,0,3,3,4,5
187,3,1,5,5,3,2,0,5,4
188,0,2,5,1,1,3,2,1,4
189,0,2,5,1,1,3,2,1,4
190,3,4,5,5,2,2,0,4,4
191,2,5,1,3,0,3,3,4,5
192,1,5,4,0,3,1,0,1,1
193,4,0,1,3,4,2,3,0,2
194,0,5,3,4,2,4,4,2,5
195,5,0,2,5,5,2,3,4,0
196,4,1,1,5,3,1,1,0,0
197,1,3,5,5,0,4,2,3,3
198,3,3,4,0,4,0,2,2,1
199,2,2,0,4,3,4,3,0,3
200,5,5,4,3,4,1,1,4,4
201,4,3,1,3,2,1,2,5,2
202,0,1,0,4,5,3,1,0,5
203,0,4,5,0,3,2,3,4,3
204,3,5,1,0,1,0,5,2,2
205,0,2,2,2,0,1,3,5,4
206,1,4,0,2,3,0,5,3,4
207,4,0,1,1,1,2,4,0,5
208,0,4,5,1,2,1,0,5,5
209,e,0,1,3,0,1,4,3,1
210,2,4,2,5,5,5,2,4,3
211,3,2,3,3,4,5,3,2,2
212,1,3,4,4,3,3,1,4,0
213,4,0,5,0,4,5,0,0,1
214,5,5,4,3,2,1,1,4,4
215,5,3,0,1,5,4,5,0,0
216,3,1,2,2,0,2,3,1,3
217,2,5,2,2,1,2,2,5,2
218,0,4,1,5,2,4,4,3,1
219,0,0,5,2,0,2,0,1,5
220,4,4,1,1,3,3,4,3,5
221,1,5,0,2,1,2,5,0,4
222,2,5,2,1,4,4,3,0,2
223,4,5,0,3,2,4,1,4,1
224,3,3,3,0,5,5,2,1,3
225,1,3,5,4,3,3,4,1,4
226,5,2,5,0,0,1,0,2,0
227,5,2,1,0,1,5,4,2,0
228,3,1,2,0,4,5,2,4,2
229,5,2,1,0,1,5,4,2,0
230,3,5,3,3,5,1,3,0,2
231,5,2,5,0,0,1,0,2,0
232,1,4,1,4,2,3,0,5,4
233,4,1,4,3,3,4,5,3,1
234,5,3,4,5,2,4,3,4,2
235,4,0,5,2,0,2,0,5,1
236,3,5,2,1,3,3,1,4,0
237,5,2,5,0,1,1,0,2,0
238,3,0,0,1,5,3,3,5,4
239,2,1,4,0,4,4,2,3,1
240,3,4,1,1,4,3,3,0,4
241,1,2,3,4,2,5,1,1,5
242,2,5,0,3,5,1,1,0,4
243,5,5,0,3,3,4,5,1,3
244,4,4,2,0,0,5,4,2,0
245,0,0,5,2,1,2,0,3,2
246,3,1,5,5,0,0,0,5,5
247,0,3,4,4,3,0,2,0,3
248,1,3,4,0,4,5,4,1,4
249,2,2,2,3,2,5,5,4,2
250,5,5,0,0,0,5,5,1,3
251,3,2,5,2,1,1,1,2,1
252,5,3,2,4,2,2,2,5,2
253,5,1,1,2,1,2,3,2,1
254,4,0,3,3,3,0,0,4,2
255,5,0,5,1,0,5,3,5,0
256,0,1,3,4,5,4,0,3,1
257,4,1,4,5,4,0,4,3,1
258,3,0,2,0,3,4,4,3,0
259,0,1,3,4,5,4,0,3,1
260,2,4,5,5,2,3,2,2,2
261,4,1,4,5,4,0,4,3,1
262,5,1,1,2,1,2,3,2,1
263,5,0,5,1,0,5,3,5,0
264,3,1,5,5,0,0,0,5,5
265,4,0,0,1,4,3,4,5,4
266,1,2,1,1,1,2,5,2,3
267,0,4,0,3,5,1,1,4,3
268,2,5,2,2,2,4,2,3,5
269,0,5,3,5,0,1,5,0,5
270,2,4,0,0,3,3,3,0,4
271,5,1,2,4,4,2,4,5,2
272,3,3,1,0,2,4,4,5,1
273,0,1,2,0,5,4,3,3,0
274,5,0,3,4,3,5,2,3,0
275,3,5,1,2,0,3,1,1,0
276,4,1,4,2,1,2,5,0,5
277,5,5,1,0,2,2,5,4,3
278,3,1,0,3,0,0,5,5,1
279,0,0,4,3,3,1,1,4,4
280,3,2,0,3,1,5,1,2,4
281,2,4,5,5,4,1,0,4,2
282,5,0,5,4,2,5,3,2,1
283,4,0,3,3,5,1,2,2,2
284,5,5,1,0,2,2,5,4,3
285,3,1,0,3,0,0,5,5,1
286,0,0,4,3,3,1,1,4,4
287,3,2,0,3,1,5,1,2,4
288,2,4,5,5,4,1,0,4,2
289,4,0,3,3,5,1,2,2,2
290,4,0,3,3,5,1,2,2,2
291,1,3,2,5,0,1,4,1,4
292,2,2,3,1,5,2,3,0,5
293,2,2,3,1,5,2,3,0,5
294,3,0,0,3,3,5,1,4,4
295,5,3,3,4,2,5,1,0,0
296,4,3,1,4,5,3,2,2,3
297,4,3,1,4,5,3,2,2,3
298,5,4,1,4,3,4,1,0,0
299,5,4,1,4,3,4,1,0,0
300,2,5,3,2,4,5,1,5,0
301,1,4,3,5,5,5,2,0,5
302,0,5,4,0,2,3,5,0,4
303,0,5,0,3,2,0,2,0,1
304,0,2,4,2,5,3,3,1,1
305,4,4,5,3,3,1,4,4,2
306,3,0,5,5,4,2,5,1,5
307,0,5,1,4,0,2,4,4,2
308,2,5,3,0,1,1,3,3,1
309,5,4,2,4,0,5,4,0,1
310,3,2,5,5,5,1,5,1,2
311,0,4,5,1,1,0,4,5,4
312,1,1,3,0,4,2,0,0,0
313,2,2,2,2,3,5,1,3,3
314,4,4,5,0,0,4,1,5,2
315,3,3,4,3,2,4,1,3,0
316,5,0,4,4,1,5,0,1,4
317,3,3,1,3,3,0,2,3,4
318,4,5,1,5,0,4,4,4,2
319,0,3,0,2,2,4,4,2,5
320,2,1,1,4,1,5,5,0,3
321,3,5,0,1,5,0,1,1,0
322,3,2,5,2,4,0,5,1,2
323,4,5,1,3,2,1,2,3,3
324,5,1,0,1,5,3,2,5,1
325,1,2,3,3,3,2,3,4,5
326,0,2,3,0,4,2,0,0,2
327,5,4,5,4,0,4,0,5,2
328,4,5,4,0,1,1,4,0,1
329,5,2,1,1,4,1,2,0,3
330,1,5,0,3,2,3,3,3,1
331,0,1,3,0,5,2,0,5,5
332,4,2,3,3,3,2,2,4,2
333,5,4,2,4,0,5,5,4,0
334,4,5,4,0,1,1,4,0,1
335,0,2,3,0,4,2,0,0,5
336,4,5,3,3,2,2,2,3,2
337,5,5,1,1,1,1,2,1,3
338,2,5,0,4,0,4,5,2,5
339,4,0,4,0,1,5,1,1,4
340,4,0,4,0,1,5,1,1,4
341,3,3,1,4,3,2,1,3,0
342,1,1,3,1,5,5,5,1,2
343,3,5,4,0,2,2,2,1,4
344,5,0,0,1,5,1,4,2,4
345,0,1,1,2,1,4,1,0,3
346,5,3,5,0,4,2,1,1,5
347,2,4,4,1,1,0,5,1,4
348,1,4,3,3,3,5,1,1,4
349,5,3,1,0,0,4,1,5,3
350,0,0,2,3,2,0,2,5,5
351,2,4,5,1,2,3,5,1,2
352,1,3,4,5,0,0,1,5,4
353,0,2,3,5,5,2,0,3,0
354,2,3,3,1,4,2,5,4,1
355,3,3,5,4,3,1,1,0,2
356,0,0,5,3,0,2,0,5,3
357,5,2,1,4,2,3,2,5,1
358,3,1,2,0,3,1,4,2,0
359,4,0,4,1,5,5,3,4,1
360,0,2,3,5,0,0,3,2,5
361,0,2,0,5,0,3,3,3,5
362,5,0,2,4,5,3,5,4,1
363,2,2,4,0,1,5,3,4,0
364,1,3,1,1,3,2,3,0,4
365,4,5,1,1,4,0,4,1,3
366,2,4,5,5,2,2,0,1,2
367,1,3,1,5,1,1,2,1,0
368,5,3,3,4,3,5,3,1,3
369,4,1,4,0,2,3,2,5,5
370,5,1,4,1,2,5,0,2,5
371,4,5,0,0,0,3,2,4,1
372,5,0,3,4,5,5,3,1,3
373,4,3,4,1,1,5,2,2,0
374,5,4,2,1,2,0,4,3,2
375,1,4,5,5,5,5,2,0,2
376,3,5,0,1,3,2,4,4,5
377,3,0,3,4,2,3,5,1,4
378,2,5,1,5,5,4,0,5,3
379,2,1,0,0,3,0,5,5,1
380,4,1,3,3,1,2,5,2,0
381,2,5,1,3,0,3,3,4,5
382,2,0,3,2,5,5,1,0,4
383,4,1,2,3,1,1,5,2,0
384,5,0,2,3,4,2,3,4,0
385,4,1,1,4,2,4,1,0,0
386,1,3,5,5,0,4,2,3,3
387,5,2,4,1,3,5,3,5,0
388,5,3,4,2,1,1,0,1,2
389,5,3,4,2,1,1,0,1,2
390,5,2,4,4,2,4,3,5,0
391,1,3,5,5,0,4,2,3,3
392,4,1,1,5,3,1,1,0,0
393,1,2,2,0,4,0,4,3,3
394,3,4,5,5,2,2,0,4,4
395,2,2,0,0,5,4,5,5,3
396,1,1,0,1,3,0,4,5,1
397,5,4,3,3,0,3,1,5,2
398,4,0,1,3,4,2,3,0,2
399,0,4,3,2,3,0,2,4,3
400,4,1,4,5,4,4,5,3,1
401,1,1,2,3,2,5,4,3,2
402,0,3,5,1,5,0,0,4,1
403,5,2,3,4,3,4,0,0,3
404,1,0,2,5,1,2,3,0,5
405,2,1,4,2,0,5,0,2,3
406,0,0,4,4,3,3,1,2,5
407,1,2,5,0,1,0,4,1,4
408,5,1,5,4,2,5,0,1,0
409,1,1,1,0,0,3,e,3,4
410,2,5,3,4,5,4,2,5,2
411,3,5,2,2,4,2,3,3,3
412,4,3,0,3,3,4,1,4,1
413,5,5,1,0,4,0,4,0,0
414,4,1,4,5,2,4,5,3,1
415,0,4,0,3,5,0,5,1,5
416,2,2,3,1,0,1,3,2,3
417,2,2,2,5,1,5,2,2,2
418,1,4,1,4,2,3,0,5,4
419,5,2,5,0,0,1,0,2,0
420,1,3,5,4,3,3,4,1,4
421,0,2,4,5,1,0,1,2,5
422,2,4,2,5,4,0,2,1,3
423,0,4,1,5,2,4,4,3,1
424,3,5,3,3,5,1,3,0,2
425,5,3,4,3,3,1,1,4,4
426,5,1,0,2,0,2,5,0,0
427,1,5,0,2,1,2,5,0,4
428,2,5,2,1,4,4,3,0,2
429,1,5,0,2,1,2,5,0,4
430,3,1,2,5,5,0,3,3,3
431,5,1,0,2,0,2,5,0,0
432,1,3,4,4,2,5,1,4,0
433,4,4,1,1,3,3,4,3,5
434,4,4,2,3,2,4,5,5,3
435,5,2,1,0,0,5,4,2,0
436,2,3,0,5,3,4,3,1,1
437,5,1,0,2,1,2,5,0,0
438,0,3,4,0,5,5,3,1,3
439,4,4,1,1,4,3,2,0,2
440,1,3,4,4,4,0,3,1,3
441,3,5,5,2,2,1,1,4,1
442,0,1,4,5,5,0,2,3,1
443,0,4,3,5,3,1,5,3,5
444,2,5,0,4,0,2,4,0,4
445,5,2,2,0,1,3,0,2,0
446,5,0,5,1,0,5,3,5,0
447,4,0,3,3,3,0,0,4,2
448,4,5,4,3,4,1,1,0,4
449,2,5,2,2,2,4,2,3,5
450,0,5,3,5,0,1,5,0,5
451,5,1,1,2,1,2,3,2,1
452,2,2,2,3,2,5,5,4,2
453,1,2,1,1,1,2,5,2,3
454,3,0,2,0,3,4,4,3,0
455,5,5,0,0,0,5,5,1,3
456,3,4,1,1,5,3,0,4,0
457,4,0,1,1,4,3,4,5,4
458,2,4,0,0,3,3,3,0,4
459,3,4,1,1,5,3,0,4,0
460,5,3,2,4,2,2,2,5,2
461,4,0,1,1,4,3,4,5,4
462,1,2,1,1,1,2,5,2,3
463,5,5,0,0,0,5,5,1,3
464,5,0,5,1,0,5,3,5,0
465,0,3,4,0,4,5,4,1,4
466,1,2,3,2,1,2,1,1,5
467,0,1,3,4,5,4,0,3,1
468,2,4,5,5,2,3,2,2,2
469,3,1,5,5,0,0,0,5,5
470,0,3,4,4,3,0,2,0,3
471,2,2,2,1,4,5,5,4,4
472,1,4,1,3,2,5,3,0,4
473,2,4,0,1,5,3,0,0,3
474,3,5,0,0,3,3,5,4,2
475,1,3,0,5,0,1,3,2,1
476,4,2,5,1,1,0,4,2,5
477,1,2,3,5,2,4,5,0,5
478,0,0,1,1,0,5,3,3,5
479,4,1,4,0,3,4,0,3,1
480,0,5,4,2,1,2,3,3,1
481,5,1,2,4,4,4,2,5,0
482,5,5,1,0,2,2,5,4,3
483,3,1,2,0,5,2,4,3,2
484,1,2,3,5,2,4,5,0,5
485,0,0,1,1,0,5,3,3,5
486,4,1,4,0,3,4,0,3,1
487,0,5,4,2,1,2,3,3,1
488,5,1,2,4,4,4,2,5,0
489,3,1,2,0,5,2,4,3,2
490,3,1,2,0,5,2,4,3,2
491,2,1,4,3,0,1,1,5,4
492,3,2,5,2,5,0,2,1,3
493,3,2,5,2,5,0,2,1,3
494,0,5,4,0,3,4,3,3,1
495,3,5,0,3,2,0,5,4,1
496,1,3,3,3,5,2,4,4,2
497,1,3,3,3,5,2,4,4,2
498,1,4,0,4,3,0,5,4,1
499,1,4,0,4,3,0,5,4,1
500,3,5,0,5,4,5,2,2,1
501,3,5,5,4,5,0,1,5,2
502,4,3,4,5,2,0,0,0,5
503,0,0,1,5,2,0,0,3,2
504,4,3,1,2,5,1,0,2,3
505,5,1,2,4,3,4,4,3,4
506,5,2,5,0,4,1,3,5,5
507,1,2,2,5,0,4,0,4,4
508,3,1,1,5,1,3,2,0,3
509,2,5,1,4,0,0,5,4,4
510,5,1,2,2,5,1,3,5,5
511,5,0,4,4,1,5,0,1,4
512,3,2,0,1,4,0,1,0,0
513,2,5,3,2,3,3,2,2,1
514,5,4,2,4,0,5,4,0,1
515,4,4,0,3,2,3,3,3,1
516,4,5,4,0,1,1,5,4,0
517,1,0,4,3,3,3,3,3,2
518,1,4,2,5,0,4,4,5,4
519,0,4,5,3,2,2,0,2,4
520,1,5,3,1,1,0,2,4,5
521,0,0,0,5,5,1,3,1,1
522,5,0,2,2,4,1,3,2,5
523,1,1,3,5,2,3,4,3,2
524,0,3,1,1,5,5,5,1,2
525,3,2,5,2,3,4,1,3,3
526,3,2,2,2,4,0,0,0,0
527,5,4,2,4,0,5,5,4,0
528,4,1,1,5,1,0,4,0,4
529,1,1,3,2,4,0,5,1,2
530,0,3,1,5,2,3,1,3,3
531,3,2,5,1,5,5,0,0,0
532,3,2,2,2,3,4,4,3,2
533,2,5,0,4,0,4,5,4,5
534,4,1,1,5,1,0,4,0,4
535,3,2,5,2,4,0,0,0,0
536,3,2,2,5,2,3,4,3,2
537,1,1,3,5,1,1,5,1,2
538,0,4,5,5,0,2,2,4,5
539,4,5,4,0,1,1,4,0,1
540,4,5,4,0,1,1,4,0,1
541,1,2,0,3,3,3,3,4,1
542,3,5,2,1,5,1,1,1,5
543,4,2,4,5,2,1,3,0,2
544,0,1,4,0,5,2,5,1,4
545,1,4,3,1,1,0,0,2,1
546,5,2,5,3,4,1,5,0,1
547,4,0,4,4,1,1,2,1,5
548,3,5,4,4,3,1,1,3,1
549,1,4,3,3,0,5,5,0,1
550,2,0,5,0,2,5,0,3,2
551,5,3,2,4,2,1,2,1,5
552,4,0,4,3,0,5,1,5,1
553,3,2,0,2,5,3,0,5,0
554,3,2,1,3,4,4,2,1,5
555,5,1,2,3,3,0,3,4,1
556,5,2,3,0,0,5,0,3,0
557,1,3,1,2,2,5,5,4,2
558,2,1,0,1,3,2,3,0,4
559,4,5,1,0,5,4,4,1,3
560,3,0,5,2,0,2,0,5,3
561,0,3,5,2,0,3,0,5,3
562,2,3,1,0,5,4,5,4,5
563,4,5,0,2,1,4,2,0,3
564,1,2,4,3,3,0,1,1,3
565,1,0,3,5,4,1,4,1,4
566,5,2,2,4,2,1,2,5,0
567,1,1,0,3,1,1,1,5,2
568,3,5,3,3,3,1,5,4,3
569,4,3,5,1,2,5,4,0,2
570,4,5,5,1,2,2,5,1,0
571,0,3,1,5,0,4,4,0,2
572,3,5,3,0,5,1,5,4,3
573,4,5,0,3,1,2,4,1,2
574,2,0,2,4,2,3,5,1,4
575,5,5,2,4,5,0,1,5,2
576,0,2,5,5,3,4,3,1,4
577,3,3,4,0,2,1,3,4,5
578,1,4,3,5,5,5,2,5,0
579,0,0,1,1,3,5,2,0,5
580,3,2,0,1,1,2,4,3,5
581,1,3,5,5,0,4,2,3,3
582,3,5,4,0,5,0,2,2,1
583,2,1,0,1,1,2,4,3,5
584,2,2,0,0,4,4,5,3,3
585,1,4,0,1,2,0,4,4,1
586,5,4,3,3,0,3,1,5,2
587,4,5,0,2,3,5,5,1,3
588,4,1,2,3,1,1,5,2,0
589,4,1,2,3,1,1,5,2,0
590,4,4,0,2,2,5,5,4,3
591,5,4,3,3,0,3,1,5,2
592,1,1,0,1,3,0,4,5,1
593,2,0,3,2,4,3,1,0,4
594,5,2,4,4,2,4,3,5,0
595,0,4,3,2,5,5,2,0,5
596,0,0,1,1,3,5,1,1,4
597,3,3,2,4,0,5,5,3,1
598,1,2,2,0,4,0,4,3,3
599,3,0,3,4,3,4,0,2,2
600,4,4,1,1,4,3,4,5,5
601,2,5,2,1,2,3,1,3,4
602,5,0,1,3,5,4,0,1,0
603,3,4,3,2,3,0,5,4,0
604,2,2,5,0,1,0,1,5,3
605,4,5,3,1,0,2,2,2,0
606,4,3,5,0,3,2,0,4,1
607,5,0,4,2,1,1,1,0,4
608,5,5,0,1,2,1,5,4,0
609,1,3,4,1,0,3,1,0,e
610,3,4,2,5,5,5,2,4,2
611,2,2,3,5,4,3,3,2,3
612,0,4,1,3,3,4,4,3,1
613,1,0,0,5,4,0,5,0,4
614,4,4,1,1,2,3,4,5,5
615,0,0,5,4,5,1,0,3,5
616,3,1,3,2,0,2,2,1,3
617,2,5,2,2,1,2,2,5,2
618,1,3,4,4,2,5,1,4,0
619,5,1,0,2,0,2,5,0,0
620,5,3,4,3,3,1,1,4,4
621,4,0,5,2,1,2,0,5,1
622,2,0,3,4,4,1,2,5,2
623,1,4,1,4,2,3,0,5,4
624,3,1,2,5,5,0,3,3,3
625,4,1,4,3,3,4,5,3,1
626,0,2,0,1,0,0,5,2,5
627,0,2,4,5,1,0,1,2,5
628,2,4,2,5,4,0,2,1,3
629,0,2,4,5,1,0,1,2,5
630,2,0,3,1,5,3,3,5,3
631,0,2,0,1,0,0,5,2,5
632,4,5,0,3,2,4,1,4,1
633,1,3,5,4,3,3,4,1,4
634,2,4,3,4,2,5,4,3,5
635,1,5,0,2,0,2,5,0,4
636,0,4,1,3,3,1,2,5,3
637,0,2,0,1,1,0,5,2,5
638,4,5,3,3,5,1,0,0,3
639,1,3,2,4,4,0,4,1,2
640,4,0,3,3,4,1,1,4,3
641,5,1,1,5,2,4,3,2,1
642,4,0,1,1,5,3,0,5,2
643,3,1,5,4,3,3,0,5,5
644,0,2,4,5,0,0,2,4,4
645,2,3,0,2,1,2,5,0,0
646,5,5,0,0,0,5,5,1,3
647,3,0,2,0,3,4,4,3,0
648,4,1,4,5,4,0,4,3,1
649,2,4,5,5,2,3,2,2,2
650,3,1,5,5,0,0,0,5,5
651,1,2,1,1,1,2,5,2,3
652,2,5,2,2,2,4,2,3,5
653,1,2,3,2,1,2,1,1,5
654,2,4,0,0,3,3,3,0,4
655,0,5,3,5,0,1,5,0,5
656,1,3,0,4,5,4,3,1,0
657,1,3,4,0,4,5,4,1,4
658,0,3,4,4,3,0,2,0,3
659,1,3,0,4,5,4,3,1,0
660,2,2,2,3,2,5,5,4,2
661,1,3,4,0,4,5,4,1,4
662,1,2,3,2,1,2,1,1,5
663,0,5,3,5,0,1,5,0,5
664,5,5,0,0,0,5,5,1,3
665,4,5,4,3,4,1,0,0,4
666,3,2,5,2,1,1,1,2,1
667,3,4,1,1,5,3,0,4,0
668,5,3,2,4,2,2,2,5,2
669,5,0,5,1,0,5,3,5,0
670,4,0,3,3,3,0,0,4,2
671,2,5,4,2,4,4,2,1,5
672,1,5,4,4,2,0,1,3,3
673,0,3,3,4,5,0,2,1,0
674,0,3,2,5,3,4,3,0,5
675,0,1,1,3,0,2,1,5,3
676,5,0,5,2,1,2,4,1,4
677,3,4,5,2,2,0,1,5,5
678,1,5,5,0,0,3,0,1,3
679,4,4,1,1,3,3,4,0,0
680,4,2,1,5,1,3,0,2,3
681,2,4,0,1,4,5,5,4,2
682,1,2,3,5,2,4,5,0,5
683,2,2,2,1,5,3,3,0,4
684,3,4,5,2,2,0,1,5,5
685,1,5,5,0,0,3,0,1,3
686,4,4,1,1,3,3,4,0,0
687,4,2,1,5,1,3,0,2,3
688,2,4,0,1,4,5,5,4,2
689,2,2,2,1,5,3,3,0,4
690,2,2,2,1,5,3,3,0,4
691,4,1,4,1,0,5,2,3,1
692,5,0,3,2,5,1,3,2,2
693,5,0,3,2,5,1,3,2,2
694,4,4,1,5,3,3,0,0,3
695,0,0,1,5,2,4,3,3,5
696,3,2,2,3,5,4,1,3,4
697,3,2,2,3,5,4,1,3,4
698,0,0,1,4,3,4,1,4,5
699,0,0,1,4,3,4,1,4,5
700,0,5,1,5,4,2,3,5,2
701,5,0,2,5,5,5,3,4,1
702,4,0,5,3,2,0,4,5,0
703,1,0,2,0,2,3,0,5,0
704,1,1,3,3,5,2,4,2,0
705,2,4,4,1,3,3,5,4,4
706,5,1,5,2,4,5,5,0,3
707,2,4,4,2,0,4,1,5,0
708,1,3,3,1,1,0,3,5,2
709,1,0,4,5,0,4,2,4,5
710,2,1,5,1,5,5,5,2,3
711,4,5,4,0,1,1,5,4,0
712,0,0,0,2,4,0,3,1,1
713,3,3,1,5,3,2,2,2,2
714,2,5,1,4,0,0,5,4,4
715,0,3,1,4,2,3,4,3,3
716,4,1,0,5,1,4,4,0,5
717,4,3,2,0,3,3,1,3,3
718,2,4,4,4,0,5,1,5,4
719,5,2,4,4,2,2,0,3,0
720,3,0,5,5,1,4,1,1,2
721,0,1,1,0,5,1,0,5,3
722,2,1,5,0,4,2,5,2,3
723,3,3,2,1,2,3,1,5,4
724,1,5,2,3,5,1,0,1,5
725,5,4,3,2,3,3,3,2,1
726,2,0,0,2,4,0,3,2,0
727,2,5,0,4,0,4,5,4,5
728,1,0,4,1,1,0,4,5,4
729,3,0,2,1,4,1,1,2,5
730,1,3,3,3,2,3,0,5,1
731,5,5,0,2,5,0,3,1,0
732,2,4,2,2,3,3,3,2,4
733,0,4,5,5,0,4,2,4,5
734,1,0,4,1,1,0,4,5,4
735,5,0,0,2,4,0,3,2,0
736,2,3,2,2,2,3,3,5,4
737,3,1,2,1,1,1,1,5,5
738,5,2,5,4,0,4,0,5,2
739,4,1,1,5,1,0,4,0,4
740,4,1,1,5,1,0,4,0,4
741,0,3,1,2,3,4,1,3,3
742,2,1,5,5,5,1,3,1,1
743,4,1,2,2,2,0,4,5,3
744,4,2,4,1,5,1,0,0,5
745,3,0,1,4,1,2,1,1,0
746,5,1,1,2,4,0,5,3,5
747,4,1,5,0,1,1,4,4,2
748,4,1,1,5,3,3,3,4,1
749,3,5,1,4,0,0,1,3,5
750,5,5,2,0,2,3,2,0,0
751,2,1,5,3,2,1,5,4,2
752,4,5,1,0,0,5,4,3,1
753,0,3,0,2,5,5,3,2,0
754,1,4,5,2,4,1,3,3,2
755,2,0,1,1,3,4,5,3,3
756,3,5,0,2,0,3,5,0,0
757,1,5,2,3,2,4,1,2,5
758,0,2,4,1,3,0,2,1,3
759,1,4,3,5,5,1,4,0,4
760,5,2,3,0,0,5,3,2,0
761,5,3,3,3,0,5,0,2,0
762,1,4,5,3,5,4,2,0,5
763,0,4,3,5,1,0,4,2,2
764,4,0,3,2,3,1,1,3,1
765,3,1,4,0,4,1,1,5,4
766,2,1,0,2,2,5,5,4,2
767,0,1,2,1,1,5,1,3,1
768,3,1,3,5,3,4,3,3,5
769,5,5,2,3,0,0,4,1,4
770,5,2,0,5,2,1,4,1,5
771,1,4,2,3,0,0,0,5,4
772,3,1,3,5,5,4,3,0,5
773,0,2,2,5,1,1,4,3,4
774,2,3,4,0,2,1,2,4,5
775,2,0,2,5,5,5,5,4,1
776,5,4,4,2,3,1,0,5,3
777,4,1,5,3,2,4,3,0,3
778,3,5,0,4,5,5,1,5,2
779,1,5,5,0,3,0,0,1,2
780,0,2,5,2,1,3,3,1,4
781,5,4,3,3,0,3,1,5,2
782,4,0,1,5,5,2,3,0,2
783,0,2,5,1,1,3,2,1,4
784,0,4,3,2,4,3,2,0,5
785,0,0,1,4,2,4,1,1,4
786,3,3,2,4,0,5,5,3,1
787,0,5,3,5,3,1,4,2,5
788,2,1,0,1,1,2,4,3,5
789,2,1,0,1,1,2,4,3,5
790,0,5,3,4,2,4,4,2,5
791,3,3,2,4,0,5,5,3,1
792,0,0,1,1,3,5,1,1,4
793,3,3,4,0,4,0,2,2,1
794,4,4,0,2,2,5,5,4,3
795,3,5,5,4,5,0,0,2,2
796,1,5,4,0,3,1,0,1,1
797,2,5,1,3,0,3,3,4,5
798,2,0,3,2,4,3,1,0,4
799,3,4,2,0,3,2,3,4,0
800,1,3,5,4,4,5,4,1,4
801,2,2,2,2,2,2,2,2,2
802,5,5,5,5,5,5,5,5,5
803,3,3,3,3,3,3,3,3,3
804,4,4,4,4,4,4,4,4,4
805,0,0,0,0,0,0,0,0,0
806,1,1,1,1,1,1,1,1,1
807,4,4,4,2,2,2,2,2,2
808,2,2,2,5,5,5,5,5,5
809,5,5,5,3,3,3,3,3,3
810,3,3,3,4,4,4,4,4,4
811,2,2,4,2,2,4,2,2,4
812,2,2,1,5,5,1,5,5,1
813,5,5,5,3,3,3,3,3,3
814,0,3,3,0,4,4,0,4,4
815,0,0,0,0,0,0,5,5,2
816,1,1,1,1,1,1,3,4,4
817,0,2,4,0,2,4,5,2,4
818,5,5,2,5,5,2,1,1,1
819,5,5,1,3,3,1,3,3,4
820,0,3,3,0,4,4,0,4,4
821,3,0,0,3,0,0,5,5,2
822,1,1,2,1,1,2,3,4,2
823,0,2,3,0,2,1,4,4,3
824,5,5,2,5,5,2,5,2,1
825,2,5,1,0,3,1,1,1,1
826,0,0,0,4,4,3,0,3,4
827,3,0,4,3,0,4,5,5,4
828,2,2,2,1,1,4,5,3,3
829,2,1,3,5,2,4,5,0,4
830,2,5,5,5,5,3,5,2,3
831,0,0,0,0,3,1,1,1,1
832,5,2,3,3,4,3,3,3,4
833,4,4,4,0,0,5,0,4,0
834,2,2,2,1,1,4,1,2,1
835,2,1,4,5,2,5,5,3,3
836,2,5,5,5,5,3,5,0,0
837,2,0,0,1,3,1,5,2,3
838,3,3,4,2,4,3,1,1,1
839,4,4,1,0,0,0,0,4,0
840,2,4,1,2,1,2,4,4,3
841,2,1,1,5,2,0,3,2,1
842,2,5,5,5,5,3,5,3,0
843,2,0,0,2,3,1,5,0,0
844,4,3,1,3,4,1,4,2,3
845,4,4,5,0,0,1,0,4,2
846,1,2,3,4,1,4,3,5,4
847,4,1,1,4,2,0,4,2,3
848,5,3,0,5,5,3,3,2,1
849,2,0,0,2,3,0,2,5,5
850,4,3,1,3,4,1,5,0,4
851,2,4,5,5,0,1,3,4,2
852,0,1,0,2,1,5,1,4,3
853,1,0,3,1,2,2,3,0,4
854,5,3,2,5,5,4,4,4,4
855,2,0,0,2,3,0,3,2,3
856,1,3,1,4,4,1,2,5,5
857,2,4,5,5,0,1,4,3,5
858,4,5,5,4,5,3,4,4,2
859,0,5,0,1,1,3,0,2,1
860,1,1,5,3,4,5,1,4,2
861,1,0,3,3,2,2,0,0,4
862,0,4,4,5,5,4,0,5,4
863,4,5,2,0,3,2,2,2,3
864,1,3,1,4,4,4,2,5,5
865,5,3,2,1,0,1,3,3,5
866,1,1,5,1,1,0,0,2,3
867,4,5,2,3,2,2,0,0,4
868,5,3,1,1,5,4,1,5,4
869,3,2,3,0,3,2,1,0,2
870,0,4,5,4,4,5,2,5,3
871,0,5,1,1,0,1,2,3,5
872,4,4,5,1,1,0,0,2,3
873,3,5,2,0,2,2,2,5,3
874,1,4,4,3,5,5,5,0,4
875,3,2,2,0,3,1,5,1,1
876,0,4,5,5,5,3,1,0,0
877,4,5,1,3,0,1,0,3,5
878,3,2,2,4,1,2,4,1,0
879,1,4,5,5,2,5,3,0,2
880,3,2,2,3,5,3,5,0,0
881,4,4,5,0,3,1,5,1,1
882,2,2,3,1,4,3,0,0,0
883,1,1,1,5,0,4,4,3,0
884,3,2,2,4,1,2,4,5,4
885,5,5,2,4,2,0,4,0,0
886,3,2,0,3,5,3,1,5,3
887,4,4,5,0,3,1,5,0,4
888,4,2,3,5,4,3,5,1,1
889,5,5,2,4,2,0,4,0,0
890,1,1,1,5,0,4,2,1,0
891,2,2,2,2,1,3,3,4,0
892,2,0,0,5,2,0,0,1,1
893,3,2,0,3,5,1,5,4,4
894,4,4,5,0,3,1,1,5,2
895,3,2,3,4,4,3,5,0,4
896,1,1,1,5,0,4,4,5,5
897,3,2,2,3,1,2,0,3,2
898,3,0,0,3,2,0,4,1,1
899,0,1,4,2,5,4,0,3,2
900,5,1,4,4,3,5,4,0,5
901,3,2,1,4,4,1,5,0,1
902,2,3,3,5,0,4,0,5,5
903,3,3,2,2,1,5,2,2,1
904,3,4,5,0,2,1,3,3,4
905,0,1,5,2,5,5,0,3,0
906,3,1,4,2,3,4,2,0,5
907,0,1,1,2,4,0,1,4,5
908,2,3,4,5,0,4,1,2,3
909,1,3,2,0,2,5,2,4,4
910,5,1,4,4,2,3,5,5,5
911,0,1,3,2,5,2,3,0,3
912,3,1,4,2,3,5,0,3,1
913,2,1,1,4,4,0,2,0,5
914,2,3,4,5,0,4,0,2,1
915,2,5,5,3,1,5,1,0,0
916,4,3,5,1,2,4,0,0,5
917,0,1,1,2,5,2,5,4,4
918,3,1,4,2,3,5,3,0,0
919,1,1,1,0,4,0,0,3,1
920,2,3,4,5,0,4,2,4,2
921,5,5,3,5,1,2,2,3,3
922,5,4,5,3,2,0,3,3,1
923,0,1,2,2,5,4,4,1,0
924,3,1,4,2,3,5,5,4,2
925,2,1,1,3,4,0,3,0,0
926,1,5,2,0,0,3,0,4,4
927,1,2,4,2,1,5,3,5,5
928,5,4,4,3,2,4,3,3,0
929,1,1,2,2,5,4,1,1,0
930,4,5,2,1,3,4,3,5,5
931,1,0,2,1,4,3,2,3,5
932,4,2,0,5,0,2,1,0,3
933,0,0,3,0,1,2,5,5,4
934,4,4,0,4,2,3,4,2,3
935,2,4,3,1,5,0,1,2,3
936,4,5,1,1,3,5,3,5,4
937,5,0,2,5,4,3,5,3,5
938,5,2,0,3,0,2,1,1,2
939,0,0,2,0,1,4,1,1,0
940,2,4,3,0,1,0,0,0,3
941,0,3,3,4,2,2,0,3,5
942,4,5,1,1,3,5,1,2,1
943,1,0,2,1,4,3,3,5,4
944,5,2,0,3,0,2,5,5,5
945,2,4,3,0,1,0,0,0,3
946,2,4,5,1,5,5,4,4,5
947,2,5,1,0,3,5,4,2,1
948,2,3,4,0,4,5,0,0,3
949,5,2,1,3,0,1,1,1,4
950,2,1,5,0,1,3,3,4,0
951,2,3,3,0,2,2,5,4,0
952,2,2,0,2,5,4,1,5,1
953,1,5,5,3,3,5,0,0,5
954,0,2,4,1,0,5,4,1,1
955,1,2,2,5,5,2,1,4,0
956,5,2,2,1,1,1,4,2,2
957,4,0,1,3,2,1,2,1,5
958,3,2,0,2,5,1,2,2,5
959,4,4,1,3,3,1,2,0,0
960,5,2,1,4,4,5,3,4,4
961,4,0,2,0,0,4,3,5,3
962,0,3,5,3,1,5,0,5,1
963,3,2,3,0,2,1,4,3,2
964,0,2,1,3,3,1,2,0,0
965,1,1,5,5,4,5,1,4,4
966,0,3,5,3,1,5,5,1,0
967,1,5,2,4,5,5,5,3,1
968,0,2,4,3,3,0,4,2,2
969,2,1,5,2,4,5,3,0,2
970,3,4,3,0,0,4,0,3,5
971,1,1,0,3,1,1,4,0,5
972,4,1,5,4,2,2,5,0,2
973,1,5,0,4,5,3,4,1,3
974,1,5,5,3,3,0,5,3,0
975,0,1,2,1,1,5,1,3,1
976,1,5,3,1,2,0,4,4,5
977,1,5,5,4,5,4,4,1,3
978,1,2,4,3,3,0,5,3,0
979,5,2,2,3,4,0,1,2,2
980,0,1,2,1,1,5,3,3,0
981,2,5,4,0,2,0,4,1,0
982,0,3,5,4,5,4,5,5,1
983,3,2,4,3,3,1,0,2,1
984,2,5,5,2,4,4,5,3,4
985,2,4,1,1,0,3,0,2,1
986,3,1,2,0,1,0,3,5,3
987,5,0,1,1,2,0,2,0,5
988,3,1,2,5,5,3,0,2,1
989,5,1,4,3,3,0,0,3,5
990,3,5,3,3,4,5,1,4,2
991,0,4,0,2,0,1,1,2,4
992,4,4,2,2,1,5,3,4,4
993,5,0,0,1,2,1,3,3,1
994,3,1,2,5,5,3,2,0,4
995,4,1,4,2,3,0,0,2,1
996,3,5,2,5,2,2,3,3,5
997,2,5,4,4,1,4,5,0,1
998,0,0,0,2,2,1,3,3,5
999,0,5,3,4,5,t,1,3,1
1000,4,2,4,3,3,1,2,4,4
1001,3,5,3,5,4,1,0,2,5
1002,2,4,1,0,0,3,4,2,5
1003,1,0,2,5,1,0,2,4,5
1004,3,1,5,5,2,3,0,2,3
1005,4,2,4,4,5,0,1,3,2
1006,3,5,3,3,3,1,2,4,4
1007,2,0,0,4,4,1,5,2,5
1008,1,3,5,4,0,2,0,5,0
1009,1,0,2,5,1,0,1,1,4
1010,1,0,1,1,2,2,3,5,0
1011,5,3,3,1,5,5,0,3,0
1012,5,2,0,1,3,3,3,5,3
1013,4,4,2,1,4,4,4,2,4
1014,2,4,1,4,0,0,5,2,2
1015,1,3,5,5,1,0,2,0,4
1016,1,2,0,0,2,5,4,2,4
1017,5,3,2,1,5,2,1,1,3
1018,5,2,0,1,3,3,0,3,5
1019,2,4,2,0,4,4,3,5,3
1020,2,4,1,4,0,0,4,1,4
1021,5,0,3,3,1,5,1,5,0
1022,2,5,4,3,2,2,5,0,4
1023,5,2,4,1,5,4,1,1,2
1024,2,4,2,1,3,3,0,3,5
1025,1,2,0,5,4,4,0,5,3
1026,1,0,4,4,0,1,1,0,3
1027,5,0,3,3,1,5,3,2,0
1028,5,2,3,3,2,0,1,1,1
1029,2,4,2,1,5,4,0,3,5
1030,3,2,0,2,3,3,0,5,3
1031,4,4,4,5,4,0,2,0,0
1032,4,1,0,0,0,1,1,4,1
1033,2,3,5,2,1,0,4,5,1
1034,4,2,0,4,2,1,2,3,1
1035,2,0,1,3,5,0,2,3,4
1036,5,2,1,4,3,5,4,2,0
1037,4,3,3,5,4,1,3,5,1
1038,5,1,0,5,0,3,2,4,3
1039,3,0,5,2,1,0,5,4,0
1040,2,0,3,2,2,1,4,4,3
1041,3,2,1,3,5,4,2,3,2
1042,3,1,1,2,3,5,4,2,0
1043,0,1,0,3,4,5,5,4,0
1044,4,4,5,1,0,5,5,5,4
1045,2,3,3,3,5,2,2,4,1
1046,2,0,5,3,1,0,1,0,1
1047,0,5,0,1,4,4,0,3,5
1048,3,1,3,0,2,4,3,3,4
1049,1,4,4,2,5,5,4,2,4
1050,3,1,5,2,3,1,0,4,0
1051,1,1,0,0,4,5,1,0,5
1052,2,4,5,2,0,5,0,3,5
1053,2,3,2,3,1,0,2,5,0
1054,5,4,4,4,2,3,3,0,3
1055,4,2,3,2,5,1,2,2,0
1056,2,1,3,5,4,5,1,0,5
1057,0,5,5,1,0,3,0,0,1
1058,2,3,1,3,1,4,4,5,4
1059,4,3,3,4,2,0,4,0,5
1060,4,2,1,2,5,0,5,4,3
1061,1,1,2,2,3,0,2,2,0
1062,4,1,3,5,4,5,0,4,5
1063,0,5,5,1,0,3,2,5,1
1064,1,4,3,3,1,1,2,3,0
1065,5,0,4,5,1,5,4,1,3
1066,5,2,1,4,5,1,0,1,2
1067,4,1,3,2,3,1,2,2,2
1068,2,3,3,3,4,5,0,4,5
1069,0,2,5,0,0,5,3,5,0
1070,1,4,4,3,1,2,3,0,1
1071,1,1,3,2,2,5,3,2,0
1072,3,5,5,2,5,1,2,3,0
1073,1,0,1,3,3,0,4,4,0
1074,1,1,2,3,4,4,5,4,0
1075,4,5,4,2,0,5,2,3,5
1076,2,0,5,1,1,0,3,4,4
1077,1,1,2,2,2,5,4,4,0
1078,3,1,3,4,5,1,4,4,0
1079,5,0,0,5,3,2,3,3,3
1080,1,0,2,3,4,2,2,3,4
1081,5,2,1,3,0,5,5,5,4
1082,1,4,0,0,1,1,5,0,2
1083,5,0,2,5,2,0,4,4,5
1084,3,4,1,3,5,1,3,1,2
1085,1,1,1,2,3,4,5,3,0
1086,4,3,5,4,4,0,0,2,0
1087,4,3,2,2,0,5,3,5,0
1088,3,0,4,5,1,2,2,1,1
1089,5,4,1,0,2,4,2,0,0
1090,0,4,0,0,5,4,5,1,4
1091,5,3,5,5,3,2,4,1,1
1092,3,2,1,3,4,1,3,3,2
1093,5,3,5,0,2,5,3,3,5
1094,0,2,1,3,5,4,4,0,0
1095,4,1,5,2,3,4,1,4,2
1096,1,1,2,1,4,0,0,4,3
1097,3,2,0,5,0,3,3,0,2
1098,4,1,1,2,1,5,2,5,4
1099,5,1,1,4,2,5,1,4,4
1100,3,4,0,4,5,3,5,3,5
1101,0,2,1,2,3,0,3,3,1
1102,4,1,4,0,4,1,0,0,5
1103,4,5,2,2,0,5,2,3,2
1104,0,5,2,2,1,0,3,1,3
1105,4,5,1,2,2,3,4,4,3
1106,4,5,2,3,5,4,2,3,2
1107,1,2,3,4,3,0,4,0,0
1108,2,0,3,5,4,1,0,1,3
1109,1,1,4,2,0,2,0,0,5
1110,0,4,5,5,1,1,5,3,1
1111,1,2,3,4,2,0,4,3,0
1112,5,3,3,3,5,1,1,5,3
1113,1,0,3,5,3,4,4,2,4
1114,4,1,5,3,4,0,2,0,0
1115,0,4,2,1,0,5,5,4,1
1116,2,1,2,2,1,2,5,5,0
1117,1,0,1,1,2,0,4,4,3
1118,2,1,2,5,5,3,5,4,1
1119,4,4,0,3,3,2,0,5,3
1120,2,0,0,4,4,5,0,1,5
1121,4,3,3,2,0,2,4,3,5
1122,2,0,1,5,1,2,5,1,3
1123,4,1,2,3,2,5,0,0,4
1124,5,4,0,1,5,5,3,1,5
1125,2,5,3,2,3,4,1,4,4
1126,5,3,4,1,4,0,2,5,5
1127,0,0,1,2,0,0,5,5,1
1128,3,3,1,2,1,2,0,4,2
1129,3,3,4,2,2,5,0,4,4
1130,2,5,5,1,5,5,4,1,2
1131,5,4,1,2,3,3,0,0,3
1132,2,5,3,1,4,0,3,1,5
1133,5,2,0,3,0,0,1,0,1
1134,2,4,0,2,1,4,1,3,4
1135,4,5,5,3,2,4,2,2,1
1136,2,4,0,1,5,5,1,0,1
1137,0,3,5,4,3,4,4,2,5
1138,0,1,4,2,4,3,5,5,1
1139,0,1,2,0,0,2,3,1,3
1140,3,0,3,0,1,3,2,5,4
1141,0,1,4,3,2,4,4,2,5
1142,4,5,5,1,5,5,5,5,1
1143,2,4,0,4,3,4,2,2,1
1144,0,3,5,2,4,3,1,0,1
1145,3,0,0,1,0,1,3,2,2
1146,4,5,2,3,1,0,3,0,3
1147,5,2,4,4,2,3,4,1,0
1148,2,5,1,5,5,2,4,5,0
1149,0,4,1,4,3,2,2,4,2
1150,1,3,3,5,4,0,5,0,0
1151,5,1,4,1,0,1,2,0,2
1152,5,3,1,3,1,0,3,2,2
1153,0,3,3,2,2,3,1,4,2
1154,0,0,5,2,5,5,4,2,5
1155,2,5,2,4,3,4,4,1,1
1156,5,1,5,3,0,1,3,1,4
1157,2,2,3,0,1,0,1,3,3
1158,2,5,2,2,2,3,4,1,1
1159,5,4,1,0,5,5,5,5,0
1160,2,4,1,4,3,4,3,3,0
1161,0,0,4,5,4,2,4,2,0
1162,3,3,1,1,0,3,5,1,5
1163,4,1,3,0,1,0,3,2,2
1164,5,0,2,1,2,2,5,5,3
1165,3,0,2,0,5,5,0,5,2
1166,1,4,4,3,3,1,3,2,3
1167,4,5,2,1,4,4,1,2,1
1168,0,1,4,4,0,3,1,3,0
1169,5,0,5,4,1,2,4,0,0
1170,2,5,0,2,2,1,4,4,1
1171,4,5,5,3,5,1,3,2,3
1172,5,0,2,2,2,1,1,2,1
1173,3,0,2,5,4,4,2,5,3
1174,0,3,1,3,0,4,0,2,5
1175,4,4,5,0,1,0,4,1,0
1176,5,0,2,2,2,1,3,2,3
1177,1,0,2,4,5,1,5,2,1
1178,3,5,2,1,3,3,0,2,5
1179,4,5,1,5,4,3,4,4,3
1180,4,0,4,4,0,3,1,3,0
1181,5,2,0,1,1,4,0,0,5
1182,0,2,5,2,5,0,2,1,2
1183,4,0,5,0,5,2,4,4,0
1184,3,1,3,2,3,5,3,3,2
1185,1,5,5,3,4,0,0,2,0
1186,1,3,1,4,0,3,3,1,2
1187,4,4,1,4,1,1,4,5,5
1188,3,5,3,3,2,1,2,0,3
1189,0,5,4,0,5,4,5,2,1
1190,2,1,2,5,3,2,5,2,0
1191,1,0,0,3,4,0,1,4,1
1192,5,5,4,3,0,4,0,2,5
1193,2,1,3,1,1,4,4,3,4
1194,3,0,3,2,2,4,4,2,4
1195,1,4,1,4,5,0,3,5,3
1196,4,5,5,5,3,3,5,0,1
1197,5,3,2,2,4,1,1,0,2
1198,2,3,0,1,0,1,4,4,0
1199,0,1,2,2,1,5,5,3,0
1200,5,2,4,0,2,5,1,4,5
1201,2,2,2,2,2,2,2,2,2
1202,5,5,5,5,5,5,5,5,5
1203,3,3,3,3,3,3,3,3,3
1204,4,4,4,4,4,4,4,4,4
1205,0,0,0,0,0,0,0,0,0
1206,1,1,1,1,1,1,1,1,1
1207,4,2,2,4,2,2,4,2,2
1208,2,5,5,2,5,5,2,5,5
1209,5,3,3,5,3,3,5,3,3
1210,3,4,4,3,4,4,3,4,4
1211,4,4,4,2,2,2,2,2,2
1212,1,1,1,2,5,5,2,5,5
1213,5,3,3,5,3,3,5,3,3
1214,3,4,4,3,4,4,0,0,0
1215,0,0,2,0,0,5,0,0,5
1216,1,1,4,1,1,4,1,1,3
1217,4,4,4,2,2,2,0,0,5
1218,2,2,1,5,5,1,5,5,1
1219,1,1,4,5,3,3,5,3,3
1220,3,4,4,3,4,4,0,0,0
1221,0,0,2,0,0,5,3,3,5
1222,2,2,2,1,1,4,1,1,3
1223,3,1,3,2,2,4,0,0,4
1224,2,2,1,5,5,2,5,5,5
1225,1,1,1,5,3,1,2,0,1
1226,0,3,4,0,4,3,0,4,0
1227,4,4,4,0,0,5,3,3,5
1228,2,4,3,2,1,3,2,1,5
1229,3,4,4,1,2,0,2,5,5
1230,5,3,3,5,5,2,2,5,5
1231,0,1,1,0,3,1,0,0,1
1232,3,3,4,2,4,3,5,3,3
1233,4,5,0,4,0,4,4,0,0
1234,2,4,1,2,1,2,2,1,1
1235,4,5,3,1,2,3,2,5,5
1236,5,3,0,5,5,0,2,5,5
1237,0,1,3,0,3,2,2,1,5
1238,4,3,1,3,4,1,3,2,1
1239,1,0,0,4,0,4,4,0,0
1240,1,2,3,4,1,4,2,2,4
1241,1,0,1,1,2,2,2,5,3
1242,5,3,0,5,5,3,2,5,5
1243,0,1,0,0,3,0,2,2,5
1244,1,1,3,3,4,2,4,3,4
1245,5,1,2,4,0,4,4,0,0
1246,3,4,4,2,1,5,1,4,3
1247,1,0,3,1,2,2,4,4,4
1248,0,3,1,3,5,2,5,5,3
1249,0,0,5,0,3,5,2,2,2
1250,1,1,4,3,4,0,4,3,5
1251,5,1,2,4,0,4,2,5,3
1252,0,5,3,1,1,4,0,2,1
1253,3,2,4,0,2,0,1,1,3
1254,2,4,4,3,5,4,5,5,4
1255,0,0,3,0,3,2,2,2,3
1256,1,1,5,3,4,5,1,4,2
1257,5,1,5,4,0,3,2,5,4
1258,5,3,2,5,5,4,4,4,4
1259,0,3,1,5,1,2,0,1,0
1260,5,5,2,1,4,4,1,3,1
1261,3,2,4,0,2,0,1,3,0
1262,4,4,4,4,5,5,0,5,0
1263,2,2,3,5,3,2,4,0,2
1264,1,4,5,3,4,5,1,4,2
1265,2,1,5,3,0,3,5,1,3
1266,5,0,3,1,1,2,1,1,0
1267,2,2,4,5,2,0,4,3,0
1268,1,4,4,3,5,5,5,1,1
1269,3,2,2,2,3,0,3,0,1
1270,5,5,3,4,4,5,0,4,2
1271,1,1,5,5,0,3,0,1,2
1272,5,0,3,4,1,2,4,1,0
1273,2,2,3,5,2,5,3,0,2
1274,4,5,4,4,5,0,1,3,5
1275,2,1,1,2,3,1,3,0,5
1276,5,3,0,4,5,0,0,5,1
1277,1,1,5,5,0,3,4,3,0
1278,2,2,0,2,1,1,3,4,4
1279,5,5,2,4,2,0,1,5,3
1280,2,3,0,2,5,0,3,3,5
1281,5,1,1,4,3,1,4,0,5
1282,3,3,0,2,4,0,2,1,0
1283,1,4,0,1,0,3,1,5,4
1284,2,2,4,2,1,5,3,4,4
1285,2,0,0,5,2,0,5,4,4
1286,0,3,3,2,5,5,3,3,1
1287,5,1,4,4,3,0,4,0,5
1288,3,3,1,2,4,1,4,5,5
1289,2,0,0,5,2,0,5,4,4
1290,1,4,0,1,0,1,1,5,2
1291,2,3,0,2,1,4,2,2,3
1292,0,0,1,0,2,1,2,5,0
1293,0,1,4,2,5,4,3,3,5
1294,5,1,2,4,3,5,4,0,1
1295,3,3,4,2,4,0,3,4,5
1296,1,4,5,1,0,5,1,5,4
1297,2,2,2,2,1,3,3,3,0
1298,0,0,1,0,2,1,3,3,4
1299,4,4,2,1,5,3,0,2,0
1300,4,5,5,1,3,0,5,4,4
1301,1,1,1,2,4,0,3,4,5
1302,3,4,5,3,0,5,2,5,0
1303,2,5,1,3,1,2,3,2,2
1304,5,1,4,4,2,3,3,0,3
1305,5,5,0,1,5,3,0,2,0
1306,4,4,5,1,3,0,3,2,2
1307,1,0,5,1,4,4,0,2,1
1308,4,4,3,3,0,2,2,5,1
1309,2,5,4,3,2,4,1,0,2
1310,4,3,5,1,2,5,5,4,5
1311,3,2,3,1,5,0,0,2,3
1312,4,5,1,1,3,3,3,2,0
1313,1,0,5,1,4,0,2,4,2
1314,4,4,1,3,0,2,2,5,0
1315,5,5,0,5,1,0,2,3,1
1316,5,4,5,3,2,0,4,1,0
1317,1,2,4,1,5,4,0,2,5
1318,4,5,0,1,3,0,3,2,3
1319,1,0,1,1,4,3,1,0,0
1320,4,4,2,3,0,4,2,5,2
1321,3,2,3,5,1,3,5,5,2
1322,5,0,1,4,2,3,5,3,3
1323,2,4,0,1,5,1,0,2,4
1324,4,5,2,1,3,4,3,2,5
1325,1,0,0,1,4,0,2,3,3
1326,2,3,4,5,0,4,1,0,0
1327,4,5,5,2,1,5,1,2,3
1328,4,4,0,4,2,3,5,3,3
1329,2,4,0,1,5,1,1,2,1
1330,2,4,5,5,3,5,4,1,3
1331,2,3,5,0,4,3,1,1,2
1332,0,2,3,2,0,0,4,5,1
1333,3,2,4,0,1,5,0,0,5
1334,0,3,3,4,2,2,4,4,4
1335,3,0,3,4,5,2,2,1,1
1336,1,5,4,5,3,5,4,1,3
1337,2,3,5,0,4,3,5,5,5
1338,0,2,2,2,0,1,5,3,1
1339,2,4,0,0,1,1,0,0,1
1340,3,0,3,4,1,0,2,0,0
1341,3,2,5,3,2,3,0,4,0
1342,1,5,1,5,3,2,4,1,1
1343,2,3,4,0,4,5,1,1,3
1344,0,2,5,2,0,5,5,3,5
1345,3,0,3,4,1,0,2,0,0
1346,5,5,5,4,5,4,2,1,4
1347,1,5,1,5,3,2,2,0,4
1348,4,5,3,3,4,0,2,0,0
1349,1,1,4,2,0,1,5,3,1
1350,5,3,0,1,1,4,2,0,3
1351,3,2,0,3,2,4,2,0,5
1352,0,4,1,2,5,5,2,2,1
1353,5,5,5,5,3,0,1,3,0
1354,4,5,1,2,0,1,0,1,4
1355,2,2,0,2,5,4,1,5,1
1356,2,1,2,2,1,2,5,1,4
1357,1,1,5,0,2,1,4,3,2
1358,0,1,5,2,5,2,3,2,2
1359,1,1,0,4,3,0,4,3,2
1360,1,5,4,2,4,4,5,4,3
1361,2,4,3,0,0,5,4,0,3
1362,5,5,1,3,1,5,0,3,0
1363,3,1,2,2,2,3,3,0,4
1364,1,1,0,2,3,0,0,3,2
1365,5,5,4,1,4,4,1,5,1
1366,5,5,0,3,1,1,0,3,5
1367,2,5,1,5,5,3,1,4,5
1368,4,0,2,2,3,2,0,3,4
1369,5,5,2,1,4,0,2,2,3
1370,3,4,5,4,0,3,3,0,0
1371,0,1,5,1,1,0,1,3,4
1372,5,2,2,1,2,0,4,4,5
1373,0,3,3,5,5,1,1,4,4
1374,5,0,0,5,3,3,1,3,5
1375,2,5,1,1,1,3,0,1,1
1376,3,0,5,5,2,4,1,1,4
1377,5,4,3,5,5,1,1,4,4
1378,4,0,0,2,3,3,1,3,5
1379,2,0,2,2,4,2,5,3,1
1380,2,5,0,1,1,3,0,1,3
1381,4,0,0,5,2,1,2,0,4
1382,5,4,1,3,5,5,0,4,5
1383,4,1,1,2,3,2,3,3,0
1384,5,4,4,5,4,3,2,2,5
1385,1,3,1,4,0,2,2,1,0
1386,2,0,3,1,1,5,3,0,3
1387,1,0,5,0,2,0,5,1,2
1388,2,3,1,1,5,2,3,5,0
1389,4,0,5,1,3,3,5,3,0
1390,3,5,2,5,4,4,3,3,1
1391,0,1,4,4,0,2,0,2,1
1392,2,5,4,4,1,4,4,2,3
1393,0,1,1,0,2,3,5,1,3
1394,2,3,4,1,5,0,3,5,2
1395,4,0,1,1,3,2,4,2,0
1396,2,2,5,5,2,3,3,5,3
1397,4,4,1,5,1,0,2,4,5
1398,0,1,5,0,2,3,0,2,3
1399,3,t,1,5,5,3,0,4,1
1400,4,1,4,2,3,4,4,3,2
1401,3,1,5,5,4,2,3,5,0
1402,1,3,5,4,0,2,2,0,4
1403,2,0,5,0,1,4,1,5,2
1404,5,3,3,1,2,2,3,5,0
1405,4,0,2,2,5,3,4,4,1
1406,3,1,4,5,3,4,3,3,2
1407,0,1,5,0,4,2,2,4,5
1408,5,2,0,3,0,5,1,4,0
1409,2,0,4,0,1,1,1,5,1
1410,1,2,0,0,2,5,1,1,3
1411,3,5,0,3,5,3,5,1,0
1412,0,3,3,2,3,5,5,1,3
1413,2,4,4,4,4,2,4,1,4
1414,1,0,2,4,0,2,2,4,5
1415,5,0,4,3,1,0,1,5,2
1416,0,5,4,2,2,2,1,0,4
1417,2,2,3,3,5,1,5,1,1
1418,0,3,5,2,3,3,5,1,0
1419,2,4,3,4,4,5,2,0,3
1420,1,0,4,4,0,1,2,4,4
1421,3,5,0,0,1,5,5,3,1
1422,4,2,4,5,2,0,2,3,5
1423,4,4,2,2,5,1,5,1,1
1424,2,3,5,4,3,3,2,1,0
1425,0,4,3,2,4,5,1,5,0
1426,4,1,3,0,0,0,1,4,1
1427,3,5,0,0,1,2,5,3,3
1428,3,0,1,2,2,1,5,3,1
1429,2,4,5,4,5,3,2,1,0
1430,0,3,3,2,3,5,3,2,0
1431,4,0,0,4,4,0,4,5,2
1432,0,1,1,1,0,4,4,0,1
1433,5,0,1,3,1,5,2,2,4
1434,0,1,1,2,2,3,4,4,2
1435,1,0,4,0,5,3,2,3,2
1436,1,5,0,2,3,2,5,4,4
1437,3,1,1,3,4,5,4,5,3
1438,0,3,3,1,0,4,5,5,2
1439,5,0,0,0,1,4,3,2,5
1440,3,1,3,0,2,4,2,2,4
1441,1,4,2,2,5,3,3,3,2
1442,1,5,0,1,3,2,3,2,4
1443,0,5,0,1,4,4,0,3,5
1444,5,5,4,4,0,5,4,1,5
1445,3,2,1,3,5,4,2,3,2
1446,5,0,1,0,1,0,2,3,1
1447,0,4,5,5,4,3,0,1,0
1448,3,4,4,1,2,3,3,0,3
1449,4,5,4,4,5,2,1,2,4
1450,5,1,0,1,3,4,3,2,0
1451,0,5,5,1,4,0,1,0,1
1452,5,5,5,4,0,3,2,2,0
1453,2,0,0,3,1,5,2,3,2
1454,4,3,3,4,2,0,5,4,3
1455,3,1,0,2,5,2,4,2,2
1456,3,5,5,1,4,0,2,5,1
1457,5,3,1,5,0,0,0,1,0
1458,1,4,4,3,1,5,2,3,4
1459,3,0,5,3,2,0,4,4,4
1460,1,0,3,2,5,4,4,2,5
1461,2,0,0,1,3,2,1,2,2
1462,3,5,5,1,4,4,4,5,0
1463,5,3,1,5,0,5,0,1,2
1464,3,1,0,4,1,3,1,3,2
1465,4,5,3,0,1,1,5,5,4
1466,1,1,2,2,5,1,5,4,0
1467,3,1,2,1,3,2,4,2,2
1468,3,5,5,3,4,4,2,3,0
1469,5,5,0,2,0,5,0,0,3
1470,4,2,1,4,1,0,1,3,3
1471,3,5,0,1,2,2,1,2,3
1472,5,1,0,5,5,3,3,2,2
1473,1,0,0,0,3,4,1,3,4
1474,2,4,0,1,4,4,1,3,5
1475,4,5,5,5,0,3,4,2,2
1476,5,0,4,0,1,4,2,1,3
1477,2,5,0,1,2,4,1,2,4
1478,3,1,0,1,5,4,3,4,4
1479,0,2,3,0,3,3,5,5,3
1480,2,2,4,0,4,3,1,3,2
1481,1,5,4,2,0,5,5,3,5
1482,0,1,2,4,1,0,1,0,5
1483,2,0,5,0,2,4,5,5,4
1484,1,1,2,4,5,1,3,3,3
1485,1,4,0,1,3,3,1,2,5
1486,5,0,0,3,4,2,4,4,0
1487,2,5,0,3,0,5,4,2,3
1488,4,2,1,0,1,1,3,5,2
1489,1,4,0,4,2,0,5,0,2
1490,0,4,4,4,5,1,0,0,5
1491,5,2,1,3,3,1,5,5,4
1492,1,1,2,2,4,3,3,3,3
1493,5,5,5,3,2,3,5,0,3
1494,1,4,0,2,5,0,0,3,4
1495,5,4,2,1,3,4,4,2,1
1496,2,0,3,1,4,4,1,1,0
1497,0,3,2,2,0,0,3,5,3
1498,1,5,4,1,1,5,4,2,2
1499,1,5,4,1,2,4,5,4,1
1500,0,3,5,4,5,3,3,4,5
1501,1,0,1,2,3,3,0,2,3
1502,4,1,5,1,4,0,4,0,0
1503,2,5,2,5,0,3,4,2,2
1504,2,0,3,5,1,1,0,2,3
1505,1,3,3,5,2,4,4,2,4
1506,2,4,2,5,5,3,4,3,2
1507,3,0,0,2,3,0,1,4,4
1508,3,1,3,0,4,1,2,5,0
1509,4,2,5,1,0,0,1,2,0
1510,5,1,1,4,1,3,0,5,5
1511,3,0,0,2,2,3,1,4,4
1512,3,1,3,3,5,5,5,3,1
1513,3,4,4,0,3,2,1,5,4
1514,5,0,0,1,4,0,4,3,2
1515,2,5,1,4,0,4,0,1,5
1516,2,2,0,1,1,5,2,2,5
1517,1,0,3,0,2,4,1,1,4
1518,2,3,1,1,5,4,2,5,5
1519,0,2,3,4,3,5,4,3,0
1520,0,5,5,0,4,1,2,4,0
1521,3,2,5,3,0,3,4,2,4
1522,1,2,3,0,1,1,2,5,5
1523,2,5,4,1,2,0,4,3,0
1524,0,5,5,4,5,1,5,1,3
1525,3,4,4,5,3,4,2,2,1
1526,4,0,5,3,4,5,5,1,2
1527,1,0,1,0,0,5,0,2,5
1528,1,2,2,3,1,4,3,2,0
1529,4,5,4,3,2,4,3,2,0
1530,5,5,2,5,5,1,2,1,4
1531,1,3,3,4,3,0,5,2,0
1532,3,0,5,5,4,1,2,1,3
1533,0,0,1,2,0,0,5,3,1
1534,0,4,4,4,1,3,2,2,1
1535,5,4,1,5,2,2,4,3,2
1536,0,5,1,4,5,0,2,1,1
1537,5,4,5,3,3,2,0,4,4
1538,4,3,1,1,4,5,0,2,5
1539,2,2,3,1,0,1,0,0,3
1540,3,3,4,0,1,5,3,0,2
1541,4,4,5,1,2,2,0,3,4
1542,5,5,1,5,5,5,4,1,5
1543,0,4,1,4,3,2,2,4,2
1544,5,3,1,3,4,0,0,2,1
1545,0,1,2,0,0,2,3,1,3
1546,2,0,3,5,1,0,4,3,3
1547,4,3,0,2,2,1,5,4,4
1548,1,2,0,5,5,5,2,5,4
1549,1,2,2,4,3,4,0,4,2
1550,3,0,0,3,4,0,1,5,5
1551,4,1,2,1,0,0,5,1,2
1552,1,0,2,3,1,2,5,3,3
1553,3,3,2,3,2,4,0,2,1
1554,5,5,5,0,5,2,0,2,4
1555,2,4,1,5,3,1,2,4,4
1556,5,1,4,1,0,1,5,3,3
1557,3,0,3,2,1,3,2,0,1
1558,2,3,1,5,2,1,2,2,4
1559,1,5,0,4,5,5,5,0,5
1560,1,4,0,4,3,3,2,4,3
1561,4,2,0,0,4,2,0,5,4
1562,1,3,5,3,0,1,3,1,5
1563,3,0,2,1,1,2,4,0,3
1564,2,2,3,0,2,5,5,1,5
1565,2,5,2,0,5,5,3,0,0
1566,4,1,3,4,3,2,1,3,3
1567,2,4,1,5,4,2,4,1,1
1568,4,3,0,1,0,3,0,4,1
1569,5,2,0,0,1,0,5,4,4
1570,0,1,1,5,2,4,2,2,4
1571,5,1,3,5,5,2,4,3,3
1572,2,1,1,0,2,2,5,2,1
1573,2,4,3,0,4,5,3,5,2
1574,1,4,5,3,0,2,0,3,0
1575,5,0,0,4,1,1,4,0,4
1576,2,1,3,0,2,2,5,2,3
1577,2,1,1,0,5,2,1,4,5
1578,2,3,5,5,3,2,3,1,0
1579,1,3,3,5,4,4,4,5,4
1580,4,3,0,0,0,3,4,4,1
1581,0,4,5,2,1,0,5,1,0
1582,5,0,2,2,5,1,0,2,2
1583,5,2,0,0,5,4,4,0,4
1584,3,5,2,1,3,3,3,2,3
1585,5,0,0,5,4,2,1,3,0
1586,1,3,2,3,0,1,1,4,3
1587,1,1,5,4,1,5,4,4,4
1588,3,1,3,5,2,0,3,3,2
1589,4,4,1,5,5,2,0,0,5
1590,2,2,0,1,3,2,2,5,5
1591,0,0,1,0,4,4,1,3,1
1592,4,4,5,5,0,2,5,3,0
1593,3,4,4,1,1,3,2,1,4
1594,3,4,4,0,2,2,3,2,4
1595,1,0,3,4,5,5,1,4,3
1596,5,3,1,5,3,0,4,5,5
1597,2,1,2,3,4,0,5,2,1
1598,0,1,0,3,0,4,2,1,4
1599,2,5,0,1,1,3,0,2,5
1600,4,5,5,2,2,4,5,0,1
1601,2,2,2,2,2,2,2,2,2
1602,5,5,5,5,5,5,5,5,5
1603,3,3,3,3,3,3,3,3,3
1604,4,4,4,4,4,4,4,4,4
1605,0,0,0,0,0,0,0,0,0
1606,1,1,1,1,1,1,1,1,1
1607,2,2,2,2,2,2,4,4,4
1608,5,5,5,5,5,5,2,2,2
1609,3,3,3,3,3,3,5,5,5
1610,4,4,4,4,4,4,3,3,3
1611,4,2,2,4,2,2,4,2,2
1612,1,5,5,1,5,5,1,2,2
1613,3,3,3,3,3,3,5,5,5
1614,4,4,0,4,4,0,3,3,0
1615,2,5,5,0,0,0,0,0,0
1616,4,4,3,1,1,1,1,1,1
1617,4,2,5,4,2,0,4,2,0
1618,1,1,1,2,5,5,2,5,5
1619,4,3,3,1,3,3,1,5,5
1620,4,4,0,4,4,0,3,3,0
1621,2,5,5,0,0,3,0,0,3
1622,2,4,3,2,1,1,2,1,1
1623,3,4,4,1,2,0,3,2,0
1624,1,2,5,2,5,5,2,5,5
1625,1,1,1,1,3,0,1,5,2
1626,4,3,0,3,4,4,0,0,0
1627,4,5,5,4,0,3,4,0,3
1628,3,3,5,4,1,1,2,2,2
1629,4,0,5,4,2,5,3,1,2
1630,3,2,5,3,5,5,5,5,2
1631,1,1,1,1,3,0,0,0,0
1632,4,3,3,3,4,3,3,2,5
1633,0,4,0,5,0,0,4,4,4
1634,1,2,1,4,1,1,2,2,2
1635,3,3,5,5,2,5,4,1,2
1636,0,0,5,3,5,5,5,5,2
1637,3,2,5,1,3,1,0,0,2
1638,1,1,1,3,4,2,4,3,3
1639,0,4,0,0,0,0,1,4,4
1640,3,4,4,2,1,2,1,4,2
1641,1,2,3,0,2,5,1,1,2
1642,0,3,5,3,5,5,5,5,2
1643,0,0,5,1,3,2,0,0,2
1644,3,2,4,1,4,3,1,3,4
1645,2,4,0,1,0,0,5,4,4
1646,4,5,3,4,1,4,3,2,1
1647,3,2,4,0,2,4,1,1,4
1648,1,2,3,3,5,5,0,3,5
1649,5,5,2,0,3,2,0,0,2
1650,4,0,5,1,4,3,1,3,4
1651,2,4,3,1,0,5,5,4,2
1652,3,4,1,5,1,2,0,1,0
1653,4,0,3,2,2,1,3,0,1
1654,4,4,4,4,5,5,2,3,5
1655,3,2,3,0,3,2,0,0,2
1656,5,5,2,1,4,4,1,3,1
1657,5,3,4,1,0,5,5,4,2
1658,2,4,4,3,5,4,5,5,4
1659,1,2,0,3,1,1,0,5,0
1660,2,4,1,5,4,3,5,1,1
1661,4,0,0,2,2,3,3,0,1
1662,4,5,0,4,5,5,4,4,0
1663,3,2,2,2,3,0,2,5,4
1664,5,5,2,4,4,4,1,3,1
1665,5,3,3,1,0,1,2,3,5
1666,3,2,0,0,1,1,5,1,1
1667,4,0,0,2,2,3,2,5,4
1668,4,5,1,4,5,1,1,3,5
1669,2,0,1,2,3,0,3,2,3
1670,3,5,2,5,4,4,5,4,0
1671,5,3,2,1,0,1,1,5,0
1672,3,2,0,0,1,1,5,4,4
1673,3,5,2,2,2,0,2,5,3
1674,4,0,5,5,5,3,4,4,1
1675,1,1,5,1,3,0,2,2,3
1676,0,0,1,3,5,5,5,4,0
1677,5,3,0,1,0,3,1,5,4
1678,0,1,4,2,1,4,2,2,3
1679,2,0,3,5,2,5,5,4,1
1680,0,0,5,3,5,3,2,2,3
1681,1,1,5,1,3,0,5,4,4
1682,0,0,0,3,4,1,3,2,2
1683,0,3,4,4,0,5,1,1,1
1684,4,5,4,2,1,4,2,2,3
1685,0,0,4,0,2,4,2,5,5
1686,3,5,1,3,5,3,0,2,3
1687,4,0,5,1,3,0,5,4,4
1688,1,1,5,3,4,5,3,2,4
1689,0,0,4,0,2,4,2,5,5
1690,0,1,2,4,0,5,1,1,1
1691,0,4,3,3,1,2,2,2,2
1692,1,1,0,0,2,5,0,0,2
1693,4,4,5,1,5,3,0,2,3
1694,2,5,1,1,3,0,5,4,4
1695,4,0,5,3,4,4,3,2,3
1696,5,5,4,4,0,5,1,1,1
1697,2,3,0,2,1,3,2,2,3
1698,1,1,4,0,2,3,0,0,3
1699,2,3,0,4,5,2,4,1,0
1700,5,0,4,5,3,4,4,1,5
1701,1,0,5,1,4,4,1,2,3
1702,5,5,0,4,0,5,3,3,2
1703,1,2,2,5,1,2,2,3,3
1704,4,3,3,1,2,0,5,4,3
1705,0,3,0,5,5,2,5,1,0
1706,5,0,2,4,3,2,4,1,3
1707,5,4,1,0,4,2,1,1,0
1708,3,2,1,4,0,5,4,3,2
1709,4,4,2,5,2,0,2,3,1
1710,5,5,5,3,2,4,4,1,5
1711,3,0,3,2,5,2,3,1,0
1712,1,3,0,5,3,2,4,1,3
1713,5,0,2,0,4,4,1,1,2
1714,1,2,0,4,0,5,4,3,2
1715,0,0,1,5,1,3,5,5,2
1716,5,0,0,4,2,1,5,3,4
1717,4,4,5,2,5,2,1,1,0
1718,0,0,3,5,3,2,4,1,3
1719,1,3,0,0,4,0,1,1,1
1720,2,4,2,4,0,5,4,3,2
1721,3,3,2,2,1,5,3,5,5
1722,1,3,3,0,2,3,5,4,5
1723,0,1,4,4,5,2,2,1,0
1724,2,4,5,5,3,2,4,1,3
1725,0,0,3,0,4,3,1,1,2
1726,4,4,0,3,0,0,2,5,1
1727,5,5,3,5,1,2,4,2,1
1728,0,3,3,4,2,3,4,4,5
1729,0,1,1,4,5,2,2,1,1
1730,5,5,3,4,3,1,2,5,4
1731,5,3,2,3,4,1,2,0,1
1732,3,0,1,2,0,5,0,2,4
1733,4,5,5,2,1,0,3,0,0
1734,3,2,4,3,2,4,0,4,4
1735,3,2,1,0,5,1,3,4,2
1736,4,5,3,5,3,1,1,5,4
1737,5,3,5,3,4,5,2,0,5
1738,2,1,1,2,0,3,0,2,5
1739,0,1,1,4,1,0,2,0,0
1740,3,0,0,0,1,0,3,4,2
1741,5,3,0,2,2,4,3,3,0
1742,1,2,1,5,3,1,1,5,4
1743,4,5,3,3,4,1,2,0,1
1744,5,5,5,2,0,3,0,2,5
1745,3,0,0,0,1,0,3,4,2
1746,5,4,4,5,5,1,5,4,2
1747,1,2,4,5,3,0,1,5,2
1748,3,0,0,5,4,0,4,3,2
1749,4,1,1,1,0,3,1,2,5
1750,0,4,3,3,1,0,5,1,2
1751,0,4,5,2,2,0,3,3,2
1752,1,5,1,4,5,2,0,2,2
1753,5,0,0,5,3,3,5,5,1
1754,1,1,4,5,0,1,4,2,0
1755,0,4,1,2,5,5,2,2,1
1756,2,2,4,1,1,1,2,2,5
1757,5,1,2,1,2,3,1,0,4
1758,5,2,2,1,5,2,0,2,3
1759,0,0,2,1,3,3,1,4,4
1760,4,4,3,5,4,4,1,2,5
1761,3,5,3,4,0,0,2,0,4
1762,1,5,0,5,1,3,5,3,0
1763,2,3,4,1,2,0,3,2,3
1764,0,0,2,1,3,3,1,2,0
1765,4,4,1,5,4,5,5,1,1
1766,0,1,5,5,1,3,5,3,0
1767,1,3,5,5,5,4,2,5,1
1768,2,2,4,0,3,3,4,2,0
1769,2,0,3,5,4,2,5,1,2
1770,5,3,0,4,0,0,3,4,3
1771,5,0,4,1,1,3,0,1,1
1772,2,0,5,2,2,4,5,1,4
1773,3,1,4,3,5,4,0,5,1
1774,0,3,5,0,3,3,5,5,1
1775,1,3,1,5,1,1,2,1,0
1776,5,4,4,0,2,1,3,5,1
1777,3,1,4,4,5,4,5,5,1
1778,0,3,5,0,3,3,4,2,1
1779,2,2,1,0,4,3,2,2,5
1780,0,3,3,5,1,1,2,1,0
1781,0,1,4,0,2,0,4,5,2
1782,1,5,5,4,5,4,5,3,0
1783,1,2,0,1,3,3,4,2,3
1784,4,3,5,4,4,2,5,5,2
1785,1,2,0,3,0,1,1,4,2
1786,3,5,3,0,1,0,2,1,3
1787,5,0,2,0,2,1,1,0,5
1788,1,2,0,3,5,5,2,1,3
1789,5,3,0,0,3,3,4,1,5
1790,2,4,1,5,4,3,3,5,3
1791,4,2,1,1,0,2,0,4,0
1792,4,4,3,5,1,2,2,4,4
1793,1,3,3,1,2,1,0,0,5
1794,4,0,2,3,5,5,2,1,3
1795,1,2,0,0,3,2,4,1,4
1796,5,3,3,2,2,5,2,5,3
1797,1,0,5,4,1,4,4,5,2
1798,5,3,3,1,2,2,0,0,0
1799,1,3,1,t,5,4,3,5,0
1800,4,4,2,1,3,3,4,2,4
1801,5,2,0,1,4,5,3,5,3
1802,5,2,4,3,0,0,1,4,2
1803,5,4,2,0,1,5,2,0,1
1804,3,2,0,3,2,5,5,1,3
1805,2,3,1,0,5,4,4,2,4
1806,4,4,2,1,3,3,3,5,3
1807,5,2,5,1,4,4,0,0,2
1808,0,5,0,2,0,4,5,3,1
1809,4,1,1,0,1,5,2,0,1
1810,0,5,3,2,2,1,1,0,1
1811,0,3,0,5,5,1,3,3,5
1812,3,5,3,3,3,1,0,2,5
1813,4,2,4,4,4,1,2,4,4
1814,2,2,5,0,0,4,1,4,2
1815,4,0,2,0,1,5,5,3,1
1816,4,2,4,5,2,0,0,2,1
1817,3,1,1,2,5,1,2,3,5
1818,5,3,0,3,3,1,0,2,5
1819,3,5,3,4,4,0,2,4,2
1820,4,1,4,0,0,4,1,4,2
1821,0,5,1,5,1,3,3,0,5
1822,4,0,5,2,2,3,4,5,2
1823,2,1,1,4,5,1,4,2,5
1824,5,3,0,3,3,1,2,4,2
1825,3,5,0,4,4,5,0,2,1
1826,3,0,1,1,0,4,4,0,1
1827,0,2,3,5,1,3,3,0,5
1828,1,1,1,0,2,3,3,2,5
1829,5,3,0,4,5,1,2,4,2
1830,3,5,0,3,3,2,0,2,3
1831,0,0,2,0,4,5,4,4,4
1832,1,4,1,1,0,0,0,1,4
1833,1,5,4,0,1,2,5,3,2
1834,1,3,2,1,2,4,0,2,4
1835,4,3,2,0,5,3,1,0,2
1836,0,2,4,5,3,4,1,2,5
1837,1,5,3,1,4,5,3,3,4
1838,3,4,2,3,0,5,0,1,5
1839,0,4,5,0,1,2,5,0,3
1840,3,4,4,1,2,2,3,0,2
1841,2,3,2,4,5,3,1,2,3
1842,0,2,4,5,3,2,1,1,3
1843,0,4,5,5,4,3,0,1,0
1844,4,5,5,5,0,1,5,4,4
1845,1,4,2,2,5,3,3,3,2
1846,1,0,1,0,1,3,5,0,2
1847,5,3,0,4,4,1,0,5,0
1848,4,3,3,4,2,0,3,1,3
1849,4,2,4,5,5,2,4,4,1
1850,0,4,0,1,3,2,5,1,3
1851,5,0,1,5,4,0,0,1,1
1852,5,3,0,5,0,2,5,4,2
1853,0,5,2,0,1,3,2,3,2
1854,3,0,3,3,2,4,4,4,5
1855,0,2,2,1,5,2,3,2,4
1856,5,0,1,5,4,5,3,1,2
1857,1,0,0,3,0,1,5,5,0
1858,4,5,4,4,1,3,1,3,2
1859,5,0,4,0,2,4,3,3,4
1860,3,4,5,0,5,2,1,2,4
1861,0,2,2,0,3,2,2,1,1
1862,5,4,0,5,4,5,3,1,4
1863,1,5,2,3,0,1,5,5,0
1864,0,3,2,1,1,3,3,4,1
1865,3,1,4,5,1,5,4,0,5
1866,2,1,0,1,5,4,1,2,5
1867,2,2,2,1,3,2,3,1,4
1868,5,4,0,5,4,3,3,3,2
1869,0,5,3,5,0,0,5,2,0
1870,1,0,3,2,1,3,4,4,1
1871,0,2,3,5,2,2,3,1,1
1872,0,3,2,1,5,2,5,5,3
1873,0,4,4,0,3,3,1,0,1
1874,0,4,5,4,4,3,2,1,1
1875,5,3,2,5,0,2,4,5,4
1876,4,4,3,0,1,1,5,0,2
1877,0,4,4,5,2,2,2,1,1
1878,0,4,4,1,5,4,3,1,3
1879,3,3,3,2,3,5,0,0,5
1880,4,3,2,2,4,3,2,0,1
1881,4,5,5,5,0,3,1,2,5
1882,2,0,5,1,1,0,0,4,1
1883,5,4,4,0,2,5,2,0,5
1884,2,1,3,1,5,3,1,4,3
1885,0,3,5,4,3,2,1,1,1
1886,0,2,0,0,4,4,5,3,4
1887,0,5,3,5,0,2,2,3,4
1888,1,1,2,2,1,5,4,0,3
1889,0,0,2,4,2,0,1,4,5
1890,4,1,5,4,5,0,0,4,0
1891,1,1,4,2,3,5,5,3,5
1892,2,3,3,1,4,3,1,2,3
1893,5,3,3,5,2,0,5,3,5
1894,0,0,4,4,5,3,1,2,0
1895,2,4,1,4,3,2,5,1,4
1896,3,4,0,0,4,1,2,1,1
1897,2,0,3,3,0,5,0,2,3
1898,4,5,2,5,1,2,1,1,4
1899,4,4,1,5,2,4,1,1,5
1900,5,3,5,3,5,4,0,4,3
1901,1,3,3,0,3,2,1,2,0
1902,5,0,0,1,4,0,4,1,4
1903,2,3,2,5,0,2,2,5,4
1904,3,1,3,0,1,2,2,5,0
1905,3,4,4,3,2,2,1,5,4
1906,2,3,2,4,5,3,2,5,4
1907,0,0,4,0,3,4,3,2,1
1908,3,1,0,1,4,5,3,0,2
1909,5,0,0,2,0,2,4,1,1
1910,1,3,5,1,1,5,5,4,0
1911,0,3,4,0,2,4,3,2,1
1912,3,5,1,1,5,3,3,3,5
1913,4,2,4,4,3,5,3,0,1
1914,0,0,2,0,4,3,5,1,4
1915,1,4,5,5,0,1,2,4,0
1916,0,5,5,2,1,2,2,1,2
1917,3,4,4,0,2,1,1,0,1
1918,1,4,5,3,5,5,2,1,2
1919,3,5,0,2,3,3,0,4,4
1920,5,1,0,5,4,4,0,0,2
1921,5,3,4,2,0,2,3,3,4
1922,3,1,5,2,1,5,1,0,2
1923,4,0,0,5,2,3,2,1,4
1924,5,1,3,5,5,1,0,4,5
1925,4,4,1,4,3,2,3,5,2
1926,5,5,2,0,4,1,4,3,5
1927,1,5,5,0,0,2,1,0,0
1928,2,4,0,2,1,2,1,3,3
1929,4,4,0,5,2,2,4,3,3
1930,2,1,4,5,5,1,5,5,2
1931,3,0,0,3,3,2,1,4,5
1932,5,1,3,0,4,1,3,5,2
1933,1,0,1,0,0,3,0,2,5
1934,4,3,1,4,1,2,0,4,2
1935,1,2,2,4,2,3,5,5,4
1936,1,0,1,5,5,1,0,4,2
1937,5,2,4,4,3,4,5,3,0
1938,1,5,5,3,4,2,4,1,0
1939,3,1,3,2,0,0,2,1,0
1940,4,5,2,3,1,0,3,0,3
1941,5,2,4,4,2,3,4,1,0
1942,1,5,5,5,5,1,5,5,4
1943,1,2,2,4,3,4,0,4,2
1944,1,0,1,3,4,2,5,3,0
1945,2,2,3,1,0,1,0,0,3
1946,3,0,3,0,1,3,2,5,4
1947,0,1,4,3,2,4,4,2,5
1948,0,5,4,2,5,5,1,5,2
1949,2,4,2,2,3,4,1,4,0
1950,0,0,5,0,4,5,3,3,1
1951,2,0,2,1,0,1,4,1,5
1952,2,2,3,0,1,3,1,3,5
1953,2,4,1,3,2,2,3,3,0
1954,5,2,4,5,5,2,5,0,0
1955,1,1,4,4,3,4,2,5,2
1956,4,1,3,1,0,3,5,1,5
1957,3,3,1,0,1,0,3,2,2
1958,1,1,4,3,2,2,2,5,2
1959,0,5,5,5,5,0,1,4,5
1960,0,3,3,4,3,4,1,4,2
1961,0,2,4,2,4,5,4,0,0
1962,5,1,5,3,0,1,1,3,3
1963,2,2,3,0,1,0,3,1,4
1964,3,5,5,2,2,1,2,0,5
1965,2,5,0,5,5,0,2,0,3
1966,3,2,3,1,3,3,4,4,1
1967,1,2,1,4,4,1,2,5,4
1968,0,3,1,3,0,4,4,1,0
1969,0,0,4,2,1,4,5,0,5
1970,1,4,4,1,2,2,0,5,2
1971,3,2,3,1,5,3,5,5,4
1972,1,2,1,1,2,2,2,0,5
1973,3,5,2,4,4,5,2,0,3
1974,5,2,0,4,0,3,1,3,0
1975,0,1,4,0,1,0,5,4,4
1976,3,2,3,1,2,2,2,0,5
1977,1,2,5,1,5,4,2,0,1
1978,5,2,0,3,3,1,2,5,3
1979,3,4,4,3,4,5,1,5,4
1980,0,3,1,3,0,4,4,0,4
1981,5,0,0,4,1,1,0,2,5
1982,2,1,2,0,5,2,5,2,0
1983,0,4,4,2,5,0,5,0,4
1984,2,3,3,5,3,2,3,1,3
1985,0,2,0,0,4,3,5,5,1
1986,2,1,3,3,0,4,1,3,1
1987,5,5,4,1,1,4,1,4,4
1988,3,0,2,1,2,3,3,5,3
1989,1,2,5,4,5,0,4,5,0
1990,0,2,5,2,3,5,2,1,2
1991,1,4,1,0,4,3,0,0,1
1992,5,2,0,4,0,3,4,5,5
1993,4,3,4,4,1,1,3,1,2
1994,4,2,4,4,2,2,3,0,3
1995,3,5,3,0,5,4,1,4,1
1996,1,0,5,3,3,5,5,5,4
1997,2,0,1,1,4,2,2,3,5
1998,0,4,4,1,0,1,0,3,2
1999,0,3,5,5,1,2,2,1,0
2000,5,4,1,5,2,0,4,2,5
2001,2,2,2,2,2,2,2,2,2
2002,5,5,5,5,5,5,5,5,5
2003,3,3,3,3,3,3,3,3,3
2004,4,4,4,4,4,4,4,4,4
2005,0,0,0,0,0,0,0,0,0
2006,1,1,1,1,1,1,1,1,1
2007,2,2,4,2,2,4,2,2,4
2008,5,5,2,5,5,2,5,5,2
2009,3,3,5,3,3,5,3,3,5
2010,4,4,3,4,4,3,4,4,3
2011,2,2,2,2,2,2,4,4,4
2012,5,5,2,5,5,2,1,1,1
2013,3,3,5,3,3,5,3,3,5
2014,0,0,0,4,4,3,4,4,3
2015,5,0,0,5,0,0,2,0,0
2016,3,1,1,4,1,1,4,1,1
2017,5,0,0,2,2,2,4,4,4
2018,1,5,5,1,5,5,1,2,2
2019,3,3,5,3,3,5,4,1,1
2020,0,0,0,4,4,3,4,4,3
2021,5,3,3,5,0,0,2,0,0
2022,3,1,1,4,1,1,2,2,2
2023,4,0,0,4,2,2,3,1,3
2024,5,5,5,2,5,5,1,2,2
2025,1,0,2,1,3,5,1,1,1
2026,0,4,0,3,4,0,4,3,0
2027,5,3,3,5,0,0,4,4,4
2028,5,1,2,3,1,2,3,4,2
2029,5,5,2,0,2,1,4,4,3
2030,5,5,2,2,5,5,3,3,5
2031,1,0,0,1,3,0,1,1,0
2032,3,3,5,3,4,2,4,3,3
2033,0,0,4,4,0,4,0,5,4
2034,1,1,2,2,1,2,1,4,2
2035,5,5,2,3,2,1,3,5,4
2036,5,5,2,0,5,5,0,3,5
2037,5,1,2,2,3,0,3,1,0
2038,1,2,3,1,4,3,1,3,4
2039,0,0,4,4,0,4,0,0,1
2040,4,2,2,4,1,4,3,2,1
2041,3,5,2,2,2,1,1,0,1
2042,5,5,2,3,5,5,0,3,5
2043,5,2,2,0,3,0,0,1,0
2044,4,3,4,2,4,3,3,1,1
2045,0,0,4,4,0,4,2,1,5
2046,3,4,1,5,1,2,4,4,3
2047,4,4,4,2,2,1,3,0,1
2048,3,5,5,2,5,3,1,3,0
2049,2,2,2,5,3,0,5,0,0
2050,5,3,4,0,4,3,4,1,1
2051,3,5,2,4,0,4,2,1,5
2052,1,2,0,4,1,1,3,5,0
2053,3,1,1,0,2,0,4,2,3
2054,4,5,5,4,5,3,4,4,2
2055,3,2,2,2,3,0,3,0,0
2056,2,4,1,5,4,3,5,1,1
2057,4,5,2,3,0,4,5,1,5
2058,4,4,4,4,5,5,2,3,5
2059,0,1,0,2,1,5,1,3,0
2060,1,3,1,4,4,1,2,5,5
2061,0,3,1,0,2,0,4,2,3
2062,0,5,0,5,5,4,4,4,4
2063,2,0,4,2,3,5,3,2,2
2064,2,4,1,5,4,3,5,4,1
2065,3,1,5,3,0,3,5,1,2
2066,0,1,1,2,1,1,3,0,5
2067,0,3,4,0,2,5,4,2,2
2068,1,1,5,5,5,3,4,4,1
2069,1,0,3,0,3,2,2,2,3
2070,2,4,0,5,4,4,3,5,5
2071,2,1,0,3,0,5,5,1,1
2072,0,1,4,2,1,4,3,0,5
2073,2,0,3,5,2,5,3,2,2
2074,5,3,1,0,5,4,4,5,4
2075,5,0,3,1,3,2,1,1,2
2076,1,5,0,0,5,4,0,3,5
2077,0,3,4,3,0,5,5,1,1
2078,4,4,3,1,1,2,0,2,2
2079,3,5,1,0,2,4,2,5,5
2080,5,3,3,0,5,2,0,3,2
2081,5,0,4,1,3,4,1,1,5
2082,0,1,2,0,4,2,0,3,3
2083,4,5,1,3,0,1,0,4,1
2084,4,4,3,5,1,2,4,2,2
2085,4,4,5,0,2,5,0,0,2
2086,1,3,3,5,5,2,3,3,0
2087,5,0,4,0,3,4,4,1,5
2088,5,5,4,1,4,2,1,3,3
2089,4,4,5,0,2,5,0,0,2
2090,2,5,1,1,0,1,0,4,1
2091,3,2,2,4,1,2,0,3,2
2092,0,5,2,1,2,0,1,0,0
2093,5,3,3,4,5,2,4,1,0
2094,1,0,4,5,3,4,2,1,5
2095,5,4,3,0,4,2,4,3,3
2096,4,5,1,5,0,1,5,4,1
2097,0,3,3,3,1,2,2,2,2
2098,4,3,3,1,2,0,1,0,0
2099,0,2,0,3,5,1,2,4,4
2100,4,4,5,0,3,1,5,5,4
2101,5,4,3,0,4,2,1,1,1
2102,0,5,2,5,0,3,5,4,3
2103,2,2,3,2,1,3,1,5,2
2104,3,0,3,3,2,4,4,1,5
2105,0,2,0,3,5,1,0,5,5
2106,2,2,3,0,3,1,5,4,4
2107,1,2,0,4,4,1,5,0,1
2108,1,5,2,2,0,3,3,4,4
2109,2,0,1,4,2,3,4,5,2
2110,5,4,5,5,2,1,5,3,4
2111,3,2,0,0,5,1,3,2,3
2112,0,2,3,3,3,1,1,5,4
2113,2,4,2,0,4,1,5,0,1
2114,0,5,2,2,0,3,1,4,4
2115,1,3,2,0,1,5,0,5,5
2116,0,1,4,0,2,3,5,4,5
2117,5,2,0,4,5,1,4,2,1
2118,3,2,3,0,3,1,0,5,4
2119,0,0,1,3,4,1,1,0,1
2120,2,5,2,4,0,3,2,4,4
2121,2,5,5,3,1,5,3,2,3
2122,3,3,5,3,2,4,1,0,5
2123,4,2,0,1,5,1,0,4,2
2124,5,2,3,4,3,1,2,5,4
2125,3,3,2,0,4,1,0,0,1
2126,0,0,1,4,0,5,4,3,2
2127,3,2,1,5,1,2,5,5,4
2128,3,3,5,3,2,4,0,4,4
2129,1,2,1,1,5,1,0,4,2
2130,3,1,4,5,3,5,5,4,2
2131,2,1,1,3,4,0,5,3,2
2132,1,5,4,0,0,2,3,2,0
2133,5,0,0,5,1,0,4,2,3
2134,4,4,4,2,2,4,3,3,0
2135,1,1,2,2,5,4,3,0,3
2136,3,1,4,5,3,5,4,5,1
2137,5,5,5,3,4,0,5,3,2
2138,1,3,5,1,0,2,2,2,0
2139,1,0,0,1,1,0,0,4,2
2140,0,0,2,0,1,4,3,0,3
2141,0,4,0,3,2,3,5,2,3
2142,1,1,4,2,3,5,1,5,1
2143,3,1,1,5,4,0,4,3,2
2144,5,3,5,5,0,2,5,2,0
2145,0,0,2,0,1,4,3,0,3
2146,4,1,2,4,5,4,5,5,5
2147,4,0,2,2,3,5,1,5,1
2148,0,0,2,0,4,3,3,5,4
2149,1,3,5,1,0,2,4,1,1
2150,3,0,2,4,1,1,0,3,5
2151,5,0,2,4,2,3,0,2,3
2152,1,2,2,5,5,2,1,4,0
2153,0,3,1,0,3,5,5,5,5
2154,4,1,0,1,0,2,1,5,4
2155,1,5,1,4,5,2,0,2,2
2156,4,1,5,2,1,2,2,1,2
2157,2,3,4,1,2,0,5,1,1
2158,2,2,3,2,5,2,5,1,0
2159,2,3,4,0,3,4,0,1,1
2160,3,4,5,4,4,2,4,5,1
2161,3,0,4,5,0,0,3,4,2
2162,0,3,0,5,1,3,1,5,5
2163,4,0,3,3,2,2,2,1,3
2164,2,3,0,0,3,2,0,1,1
2165,1,5,1,4,4,1,4,5,5
2166,5,3,0,1,1,3,0,5,5
2167,5,4,1,3,5,5,1,5,2
2168,4,3,0,2,3,2,2,0,4
2169,3,2,2,0,4,1,2,5,5
2170,0,0,3,3,0,4,5,4,3
2171,4,3,1,0,1,1,5,1,0
2172,5,4,4,0,2,1,2,2,5
2173,4,4,1,1,5,5,3,3,0
2174,5,3,1,3,3,5,0,0,5
2175,1,1,0,3,1,1,1,5,2
2176,4,1,1,4,2,5,5,0,3
2177,4,4,1,1,5,5,3,4,5
2178,5,3,1,3,3,2,0,0,4
2179,1,3,5,2,4,2,2,0,2
2180,3,1,0,3,1,1,0,5,2
2181,4,0,2,1,2,5,0,0,4
2182,5,4,0,5,5,3,1,4,5
2183,0,3,3,2,3,2,1,1,4
2184,5,2,2,3,4,5,4,4,5
2185,0,1,2,2,0,4,1,3,1
2186,3,0,3,5,1,1,3,0,2
2187,2,1,5,0,2,0,5,0,1
2188,0,5,3,2,5,1,1,3,2
2189,0,3,5,3,3,1,5,0,4
2190,1,3,3,4,4,5,2,5,3
2191,1,2,0,2,0,4,4,1,0
2192,3,2,4,4,1,4,4,5,2
2193,3,1,5,3,2,0,1,1,0
2194,2,5,3,0,5,1,4,3,2
2195,0,2,4,2,3,1,1,0,4
2196,3,5,3,3,2,5,5,2,2
2197,5,4,2,0,1,5,1,4,4
2198,3,2,0,3,2,0,5,1,0
2199,1,4,0,3,5,5,1,t,3
2200,2,3,4,4,3,2,4,1,4
2201,0,5,3,2,4,5,5,1,3
2202,4,0,2,2,0,4,5,3,1
2203,2,5,1,4,1,0,5,0,2
2204,0,5,3,2,2,1,3,3,5
2205,1,4,4,3,5,2,2,0,4
2206,2,3,3,4,3,5,4,1,3
2207,5,4,2,2,4,0,5,1,0
2208,0,4,1,5,0,3,0,2,5
2209,1,5,1,1,1,0,4,0,2
2210,3,1,1,5,2,0,0,2,1
2211,0,1,5,3,5,3,0,5,3
2212,3,1,5,5,3,2,3,3,0
2213,4,1,4,2,4,4,4,4,2
2214,5,4,2,2,0,4,2,0,1
2215,2,5,1,0,1,3,4,0,5
2216,4,0,1,2,2,2,4,5,0
2217,1,1,5,1,5,3,3,2,2
2218,0,1,5,3,3,2,5,3,0
2219,3,0,2,5,4,4,3,4,2
2220,4,4,2,1,0,4,4,0,1
2221,1,3,5,5,1,0,0,5,3
2222,5,3,2,0,2,5,4,2,4
2223,1,1,5,1,5,2,2,4,4
2224,0,1,2,3,3,4,5,3,2
2225,0,5,1,5,4,2,3,4,0
2226,1,4,1,0,0,0,3,1,4
2227,3,3,5,2,1,0,0,5,3
2228,1,3,5,1,2,2,1,0,3
2229,0,1,2,3,5,4,5,4,2
2230,0,2,3,5,3,2,3,3,0
2231,2,5,4,0,4,4,0,0,4
2232,1,0,4,4,0,1,1,1,0
2233,4,2,2,5,1,3,1,0,5
2234,2,4,4,3,2,2,1,1,0
2235,2,3,2,3,5,0,4,0,1
2236,4,4,5,2,3,2,0,5,1
2237,3,5,4,5,4,3,1,1,3
2238,2,5,5,4,0,1,3,3,0
2239,5,2,3,4,1,0,0,0,5
2240,4,2,2,4,2,0,3,1,3
2241,2,3,3,3,5,2,2,4,1
2242,4,2,3,2,3,1,0,5,1
2243,5,3,0,4,4,1,0,5,0
2244,5,1,4,5,0,4,4,5,5
2245,2,3,2,4,5,3,1,2,3
2246,1,3,2,0,1,0,1,0,5
2247,0,1,0,3,4,5,5,4,0
2248,3,0,3,3,2,1,4,4,3
2249,4,2,1,2,5,4,4,5,4
2250,0,2,3,4,3,1,0,1,5
2251,1,0,1,0,4,1,5,5,0
2252,0,2,2,3,0,4,5,5,5
2253,2,3,2,5,1,3,0,0,2
2254,3,4,5,0,2,4,3,3,4
2255,2,2,4,2,5,2,0,1,3
2256,1,5,2,0,4,1,5,5,3
2257,0,1,0,0,0,5,1,3,5
2258,4,3,2,5,1,3,4,4,1
2259,4,4,4,0,2,3,5,0,3
2260,5,2,4,4,5,2,3,0,1
2261,2,2,1,2,3,1,0,0,2
2262,0,5,4,4,4,1,5,5,3
2263,2,1,0,5,0,5,1,3,5
2264,2,3,1,3,1,4,0,1,3
2265,4,5,5,1,1,0,3,5,4
2266,0,4,5,1,5,2,2,1,1
2267,2,2,4,2,3,1,2,1,3
2268,0,3,2,4,4,3,5,5,3
2269,3,0,0,5,0,2,0,5,5
2270,3,3,1,0,1,4,1,2,4
2271,3,2,1,2,2,1,0,5,3
2272,2,2,3,3,5,5,0,1,5
2273,4,3,1,4,3,0,0,0,1
2274,5,3,1,4,4,1,0,4,2
2275,2,2,4,3,0,5,5,5,4
2276,3,1,2,4,1,0,4,0,5
2277,4,2,1,4,2,1,0,5,2
2278,4,4,3,4,5,1,0,1,3
2279,3,5,5,3,3,0,3,2,0
2280,2,3,1,3,4,0,4,2,2
2281,5,3,5,5,0,2,4,5,1
2282,5,0,1,0,1,4,2,1,0
2283,4,5,5,4,2,0,5,0,2
2284,3,3,3,1,5,4,2,1,1
2285,5,2,1,3,3,1,0,4,1
2286,0,4,4,2,4,3,0,0,5
2287,3,2,4,5,0,3,0,5,2
2288,2,5,3,1,1,0,1,2,4
2289,2,0,5,0,2,4,0,4,1
2290,5,0,0,1,5,4,4,4,0
2291,4,5,5,1,3,3,1,2,5
2292,3,3,3,3,4,2,2,1,1
2293,3,0,5,3,2,3,5,5,5
2294,4,3,0,0,5,2,0,4,1
2295,1,2,4,4,3,1,2,4,5
2296,0,1,1,4,4,1,3,0,2
2297,3,5,3,0,0,2,2,3,0
2298,2,2,4,5,1,1,4,5,1
2299,1,4,5,4,2,1,4,5,1
2300,5,4,3,3,5,4,5,3,0
2301,3,2,0,3,3,2,1,0,1
2302,0,0,4,0,4,1,5,1,4
2303,2,2,4,3,0,5,2,5,2
2304,3,2,0,1,1,5,3,0,2
2305,4,2,4,4,2,5,3,3,1
2306,2,3,4,3,5,5,2,4,2
2307,4,4,1,0,3,2,0,0,3
2308,0,5,2,1,4,0,3,1,3
2309,0,2,1,0,0,1,5,2,4
2310,5,5,0,3,1,4,1,1,5
2311,4,4,1,3,2,2,0,0,3
2312,1,3,5,5,5,3,3,1,3
2313,4,5,1,2,3,0,4,4,3
2314,2,3,4,0,4,1,0,0,5
2315,5,1,0,4,0,4,1,5,2
2316,5,2,2,5,1,1,0,2,2
2317,4,1,1,4,2,0,3,0,1
2318,5,5,2,4,5,1,1,3,2
2319,0,3,4,5,3,4,3,2,0
2320,0,4,2,1,4,0,5,5,0
2321,4,2,4,3,0,3,5,2,3
2322,5,5,2,1,1,0,3,2,1
2323,0,3,4,0,2,1,4,5,2
2324,3,1,5,1,5,4,5,5,0
2325,1,2,2,4,3,5,4,4,3
2326,2,1,5,5,4,3,5,0,4
2327,5,2,0,5,0,0,1,0,1
2328,0,2,3,4,1,3,2,2,1
2329,0,2,3,4,2,3,4,5,4
2330,4,1,2,1,5,5,2,5,5
2331,0,2,5,0,3,4,3,3,1
2332,3,1,2,1,4,5,5,0,3
2333,1,3,5,0,0,2,1,0,0
2334,1,2,2,3,1,4,4,4,0
2335,2,3,4,2,2,5,1,4,5
2336,1,1,2,0,5,4,1,5,0
2337,4,4,0,2,3,3,5,4,5
2338,5,2,0,5,4,1,1,3,4
2339,3,0,0,1,0,1,3,2,2
2340,2,0,3,5,1,0,4,3,3
2341,4,3,0,2,2,1,5,4,4
2342,5,1,4,5,5,5,1,5,5
2343,2,4,2,2,3,4,1,4,0
2344,1,2,0,0,4,3,1,3,5
2345,3,1,3,2,0,0,2,1,0
2346,3,3,4,0,1,5,3,0,2
2347,4,4,5,1,2,2,0,3,4
2348,4,5,2,5,5,5,0,2,1
2349,2,4,0,4,3,4,2,2,1
2350,5,5,1,0,4,3,0,0,3
2351,2,1,5,0,0,1,2,1,4
2352,3,3,5,2,1,3,2,0,1
2353,1,2,0,4,2,3,2,3,3
2354,4,2,0,2,5,0,5,5,5
2355,4,4,2,1,3,5,1,4,2
2356,3,3,5,1,0,1,4,1,5
2357,1,0,2,3,1,2,3,0,3
2358,4,2,2,1,2,5,1,3,2
2359,5,0,5,5,5,4,0,5,1
2360,3,4,2,3,3,4,0,4,1
2361,4,5,0,2,4,0,0,2,4
2362,5,1,3,1,0,3,5,3,1
2363,3,0,4,2,1,1,2,0,3
2364,5,1,5,5,2,0,3,2,2
2365,0,0,3,5,5,0,2,5,2
2366,3,3,1,2,3,4,3,1,4
2367,1,1,4,2,4,5,1,4,2
2368,1,4,0,3,0,1,0,3,4
2369,4,4,5,0,1,0,0,2,5
2370,4,2,2,4,2,5,1,1,0
2371,3,3,4,2,5,5,3,1,5
2372,1,2,5,2,2,0,1,1,2
2373,2,5,3,5,4,0,3,4,2
2374,0,3,0,2,0,3,5,4,1
2375,4,0,4,1,1,4,0,0,5
2376,3,2,5,2,2,0,3,1,2
2377,5,4,1,2,5,0,1,1,2
2378,0,1,3,2,3,5,5,3,2
2379,4,5,4,4,4,5,3,3,1
2380,1,4,4,3,0,0,0,3,4
2381,0,1,5,0,1,2,5,4,0
2382,2,2,0,1,5,2,2,0,5
2383,4,0,4,4,5,0,0,2,5
2384,3,2,3,3,3,1,2,5,3
2385,0,3,1,2,4,5,0,0,5
2386,3,4,1,1,0,3,2,3,1
2387,4,4,4,5,1,4,5,1,1
2388,2,3,3,0,2,5,3,1,3
2389,5,0,0,2,5,5,1,4,4
2390,5,5,2,2,3,1,0,2,2
2391,1,3,1,4,4,0,1,0,0
2392,0,3,5,2,0,5,5,4,4
2393,4,1,2,3,1,1,4,4,3
2394,4,2,3,2,2,0,4,4,3
2395,3,4,1,5,5,4,3,0,1
2396,5,5,4,0,3,5,1,3,5
2397,1,2,5,0,4,3,2,1,2
2398,4,1,2,4,0,3,0,1,0
2399,5,2,0,3,1,1,0,5,2
2400,1,0,5,4,2,2,5,5,4
